district,Grad Year,N,Avg Math,Avg Sci,Avg Comp
ADEL-DE SOTO-MINBURN CMTY SD,2017,82,23.1,23.5,23.3
ADEL-DE SOTO-MINBURN CMTY SD,2018,91,23.5,23.8,24.4
ADEL-DE SOTO-MINBURN CMTY SD,2019,73,22.8,22.7,22.5
ADEL-DE SOTO-MINBURN CMTY SD,2020,79,23.1,23.3,23.3
ADEL-DE SOTO-MINBURN CMTY SD,2021,64,23.3,22.0,23.1
AGWSR CMTY SCHOOL DISTRICT,2017,35,20.8,21.9,21.3
AGWSR CMTY SCHOOL DISTRICT,2018,38,20.8,21.3,20.9
AGWSR CMTY SCHOOL DISTRICT,2019,32,19.7,20.3,20.8
AGWSR CMTY SCHOOL DISTRICT,2020,21,19.1,20.7,20.9
AGWSR CMTY SCHOOL DISTRICT,2021,25,21.0,22.0,21.5
AHSTW CMTY SCHOOL DISTRICT,2017,33,22.1,22.6,22.5
AHSTW CMTY SCHOOL DISTRICT,2018,42,21.9,22.5,22.1
AHSTW CMTY SCHOOL DISTRICT,2019,23,20.3,20.7,19.9
AHSTW CMTY SCHOOL DISTRICT,2020,31,20.0,21.3,20.9
AHSTW CMTY SCHOOL DISTRICT,2021,20,22.7,23.6,24.4
AKRON WESTFIELD CMTY SCH DIST,2017,39,21.3,22.1,21.8
AKRON WESTFIELD CMTY SCH DIST,2018,24,21.3,22.3,21.8
AKRON WESTFIELD CMTY SCH DIST,2019,23,21.3,22.8,21.8
AKRON WESTFIELD CMTY SCH DIST,2020,32,21.1,21.3,21.1
AKRON WESTFIELD CMTY SCH DIST,2021,18,20.4,21.7,21.3
ALBIA CMTY SCHOOL DISTRICT,2017,53,18.7,19.7,19.9
ALBIA CMTY SCHOOL DISTRICT,2018,46,21.1,22.0,22.3
ALBIA CMTY SCHOOL DISTRICT,2019,40,20.2,19.6,20.4
ALBIA CMTY SCHOOL DISTRICT,2020,31,21.6,22.5,21.8
ALBIA CMTY SCHOOL DISTRICT,2021,26,20.8,21.3,20.6
ALBURNETT CMTY SCHOOL DISTRICT,2017,25,21.6,22.0,22.2
ALBURNETT CMTY SCHOOL DISTRICT,2018,32,22.1,23.6,23.3
ALBURNETT CMTY SCHOOL DISTRICT,2019,34,21.9,21.9,21.9
ALBURNETT CMTY SCHOOL DISTRICT,2020,27,20.5,23.1,22.6
ALBURNETT CMTY SCHOOL DISTRICT,2021,21,19.0,22.0,20.0
ALGONA CMTY SCHOOL DISTRICT,2017,52,20.5,22.1,21.5
ALGONA CMTY SCHOOL DISTRICT,2018,67,21.2,22.7,22.1
ALGONA CMTY SCHOOL DISTRICT,2019,63,20.6,22.2,21.6
ALGONA CMTY SCHOOL DISTRICT,2020,61,20.8,22.2,21.4
ALGONA CMTY SCHOOL DISTRICT,2021,40,20.1,22.4,21.6
ALLAMAKEE CMTY SCHOOL DISTRICT,2017,62,20.8,22.1,21.6
ALLAMAKEE CMTY SCHOOL DISTRICT,2018,42,21.3,22.5,22.2
ALLAMAKEE CMTY SCHOOL DISTRICT,2019,43,21.7,22.9,22.4
ALLAMAKEE CMTY SCHOOL DISTRICT,2020,40,21.7,22.6,22.0
ALLAMAKEE CMTY SCHOOL DISTRICT,2021,37,21.5,22.3,21.7
ALTA-AURELIA CMTY SCHOOLS,2017,28,20.5,21.0,21.1
ALTA-AURELIA CMTY SCHOOLS,2018,35,20.7,21.2,21.5
ALTA-AURELIA CMTY SCHOOLS,2019,24,21.6,22.2,22.2
ALTA-AURELIA CMTY SCHOOLS,2020,28,20.1,21.0,20.7
ALTA-AURELIA CMTY SCHOOLS,2021,23,19.2,21.7,20.7
AMES CMTY SCHOOL DISTRICT,2017,214,24.9,25.0,25.2
AMES CMTY SCHOOL DISTRICT,2018,202,25.2,24.7,25.2
AMES CMTY SCHOOL DISTRICT,2019,228,24.7,24.0,24.7
AMES CMTY SCHOOL DISTRICT,2020,193,24.5,24.9,25.4
AMES CMTY SCHOOL DISTRICT,2021,137,23.8,24.1,24.8
ANAMOSA CMTY SCHOOL DISTRICT,2017,43,20.6,20.1,20.5
ANAMOSA CMTY SCHOOL DISTRICT,2018,50,20.5,21.0,21.5
ANAMOSA CMTY SCHOOL DISTRICT,2019,45,21.4,21.3,21.6
ANAMOSA CMTY SCHOOL DISTRICT,2020,50,21.2,20.4,21.7
ANAMOSA CMTY SCHOOL DISTRICT,2021,36,19.8,21.4,20.6
ANKENY CMTY SCHOOL DISTRICT,2017,518,23.2,23.4,23.5
ANKENY CMTY SCHOOL DISTRICT,2018,689,22.3,22.2,22.2
ANKENY CMTY SCHOOL DISTRICT,2019,540,23.1,23.4,23.3
ANKENY CMTY SCHOOL DISTRICT,2020,554,23.8,23.9,24.1
ANKENY CMTY SCHOOL DISTRICT,2021,471,23.3,23.8,23.7
APLINGTON-PARKERSBURG SD,2017,43,18.6,20.5,20.0
APLINGTON-PARKERSBURG SD,2018,43,20.6,21.9,21.8
APLINGTON-PARKERSBURG SD,2019,31,20.6,21.3,21.0
APLINGTON-PARKERSBURG SD,2020,34,20.1,21.8,21.3
APLINGTON-PARKERSBURG SD,2021,20,18.8,21.8,20.6
AR-WE-VA CMTY SCHOOL DISTRICT,2017,13,22.9,21.8,22.2
AR-WE-VA CMTY SCHOOL DISTRICT,2018,Small  N ,Small  N ,Small  N ,Small  N 
AR-WE-VA CMTY SCHOOL DISTRICT,2019,Small  N ,Small  N ,Small  N ,Small  N 
AR-WE-VA CMTY SCHOOL DISTRICT,2020,Small  N ,Small  N ,Small  N ,Small  N 
AR-WE-VA CMTY SCHOOL DISTRICT,2021,14,17.7,19.3,19.1
ATLANTIC CMTY SCHOOL DISTRICT,2017,58,21.3,21.6,21.8
ATLANTIC CMTY SCHOOL DISTRICT,2018,74,20.4,21.0,21.2
ATLANTIC CMTY SCHOOL DISTRICT,2019,46,21.8,22.3,22.1
ATLANTIC CMTY SCHOOL DISTRICT,2020,46,22.2,22.4,22.6
ATLANTIC CMTY SCHOOL DISTRICT,2021,53,20.7,21.3,21.4
AUDUBON CMTY SCHOOL DISTRICT,2017,31,21.8,21.7,21.7
AUDUBON CMTY SCHOOL DISTRICT,2018,26,22.5,21.6,22.0
AUDUBON CMTY SCHOOL DISTRICT,2019,19,20.6,19.7,19.4
AUDUBON CMTY SCHOOL DISTRICT,2020,28,21.2,21.9,21.6
AUDUBON CMTY SCHOOL DISTRICT,2021,25,19.8,20.6,20.1
BALLARD CMTY SCHOOL DISTRICT,2017,90,21.8,23.1,22.6
BALLARD CMTY SCHOOL DISTRICT,2018,76,21.7,22.3,22.4
BALLARD CMTY SCHOOL DISTRICT,2019,83,22.2,22.9,23.1
BALLARD CMTY SCHOOL DISTRICT,2020,82,22.2,23.0,23.1
BALLARD CMTY SCHOOL DISTRICT,2021,76,20.7,21.6,22.0
BAXTER CMTY SCHOOL DISTRICT,2017,19,19.7,20.1,20.0
BAXTER CMTY SCHOOL DISTRICT,2018,18,20.1,20.9,20.7
BAXTER CMTY SCHOOL DISTRICT,2019,18,21.6,22.6,22.4
BAXTER CMTY SCHOOL DISTRICT,2020,17,21.9,24.5,24.1
BAXTER CMTY SCHOOL DISTRICT,2021,12,19.5,23.5,23.0
BCLUW CMTY SCHOOL DISTRICT,2017,31,20.0,19.0,20.3
BCLUW CMTY SCHOOL DISTRICT,2018,31,21.3,20.9,20.5
BCLUW CMTY SCHOOL DISTRICT,2019,29,21.0,21.6,21.1
BCLUW CMTY SCHOOL DISTRICT,2020,14,19.0,21.3,20.6
BCLUW CMTY SCHOOL DISTRICT,2021,Small  N ,Small  N ,Small  N ,Small  N 
BEDFORD CMTY SCHOOL DISTRICT,2017,19,20.9,21.0,21.6
BEDFORD CMTY SCHOOL DISTRICT,2018,16,20.8,21.4,21.4
BEDFORD CMTY SCHOOL DISTRICT,2019,12,20.8,20.7,20.6
BEDFORD CMTY SCHOOL DISTRICT,2020,18,19.6,21.8,20.8
BEDFORD CMTY SCHOOL DISTRICT,2021,15,21.3,23.2,24.1
BELLE PLAINE CMTY SCHOOL DIST,2017,20,20.0,20.9,21.0
BELLE PLAINE CMTY SCHOOL DIST,2018,23,21.6,22.1,21.6
BELLE PLAINE CMTY SCHOOL DIST,2019,24,19.5,21.0,20.1
BELLE PLAINE CMTY SCHOOL DIST,2020,22,20.7,21.6,21.0
BELLE PLAINE CMTY SCHOOL DIST,2021,Small  N ,Small  N ,Small  N ,Small  N 
BELLEVUE CMTY SCHOOL DISTRICT,2017,51,18.7,19.7,19.2
BELLEVUE CMTY SCHOOL DISTRICT,2018,51,20.6,21.3,21.2
BELLEVUE CMTY SCHOOL DISTRICT,2019,61,20.3,20.8,20.6
BELLEVUE CMTY SCHOOL DISTRICT,2020,65,19.4,19.2,18.9
BELLEVUE CMTY SCHOOL DISTRICT,2021,41,18.3,19.1,18.2
BELMOND-KLEMME CMTY SCH DIST,2017,37,21.1,21.7,21.5
BELMOND-KLEMME CMTY SCH DIST,2018,22,19.5,19.3,19.5
BELMOND-KLEMME CMTY SCH DIST,2019,23,20.5,19.8,19.9
BELMOND-KLEMME CMTY SCH DIST,2020,20,21.2,22.5,22.8
BELMOND-KLEMME CMTY SCH DIST,2021,22,20.2,20.5,20.5
BENTON CMTY SCHOOL DISTRICT,2017,70,21.1,21.9,21.8
BENTON CMTY SCHOOL DISTRICT,2018,76,21.2,22.3,21.9
BENTON CMTY SCHOOL DISTRICT,2019,65,21.4,22.8,22.8
BENTON CMTY SCHOOL DISTRICT,2020,54,20.2,21.4,20.8
BENTON CMTY SCHOOL DISTRICT,2021,48,21.1,22.9,22.4
BETTENDORF CMTY SCHOOL DIST,2017,234,22.3,23.1,23.4
BETTENDORF CMTY SCHOOL DIST,2018,223,22.2,23.1,23.3
BETTENDORF CMTY SCHOOL DIST,2019,229,22.5,22.7,23.0
BETTENDORF CMTY SCHOOL DIST,2020,228,22.5,22.9,23.2
BETTENDORF CMTY SCHOOL DIST,2021,136,22.6,23.1,23.2
BONDURANT-FARRAR CMTY SCH DIST,2017,83,19.6,21.7,21.3
BONDURANT-FARRAR CMTY SCH DIST,2018,83,20.8,23.0,22.3
BONDURANT-FARRAR CMTY SCH DIST,2019,63,20.2,21.8,21.6
BONDURANT-FARRAR CMTY SCH DIST,2020,80,21.1,22.3,22.6
BONDURANT-FARRAR CMTY SCH DIST,2021,63,21.7,23.1,23.2
BOONE CMTY SCHOOL DISTRICT,2017,152,19.5,20.7,20.3
BOONE CMTY SCHOOL DISTRICT,2018,180,19.1,19.6,19.6
BOONE CMTY SCHOOL DISTRICT,2019,150,19.0,19.7,19.3
BOONE CMTY SCHOOL DISTRICT,2020,144,18.3,18.6,18.5
BOONE CMTY SCHOOL DISTRICT,2021,132,18.7,19.5,19.0
BOYDEN-HULL CMTY SCH DISTRICT,2017,26,25.5,24.2,25.2
BOYDEN-HULL CMTY SCH DISTRICT,2018,26,22.6,22.3,22.1
BOYDEN-HULL CMTY SCH DISTRICT,2019,31,23.9,24.6,24.8
BOYDEN-HULL CMTY SCH DISTRICT,2020,35,24.0,23.2,23.0
BOYDEN-HULL CMTY SCH DISTRICT,2021,24,24.1,23.2,23.5
BOYER VALLEY CMTY SCH DISTRICT,2017,20,19.7,21.9,20.8
BOYER VALLEY CMTY SCH DISTRICT,2018,26,19.6,21.5,20.4
BOYER VALLEY CMTY SCH DISTRICT,2019,26,20.0,20.6,20.8
BOYER VALLEY CMTY SCH DISTRICT,2020,16,21.1,22.9,22.3
BOYER VALLEY CMTY SCH DISTRICT,2021,29,18.3,18.9,18.6
BROOKLYN-GUERNSEY-MALCOM CSD,2017,24,20.0,19.7,20.5
BROOKLYN-GUERNSEY-MALCOM CSD,2018,23,21.4,21.0,21.0
BROOKLYN-GUERNSEY-MALCOM CSD,2019,23,22.0,20.7,21.4
BROOKLYN-GUERNSEY-MALCOM CSD,2020,22,20.6,21.4,20.5
BROOKLYN-GUERNSEY-MALCOM CSD,2021,13,19.8,20.8,20.5
BURLINGTON CMTY SCHOOL DIST,2017,80,20.7,22.7,22.3
BURLINGTON CMTY SCHOOL DIST,2018,82,19.9,21.6,21.3
BURLINGTON CMTY SCHOOL DIST,2019,60,20.6,22.2,22.3
BURLINGTON CMTY SCHOOL DIST,2020,53,19.6,21.6,21.5
BURLINGTON CMTY SCHOOL DIST,2021,52,19.6,21.2,20.8
CALAMUS-WHEATLAND CMTY SD,2017,23,22.7,24.3,22.9
CALAMUS-WHEATLAND CMTY SD,2018,26,20.9,21.3,20.7
CALAMUS-WHEATLAND CMTY SD,2019,48,21.2,21.9,20.5
CALAMUS-WHEATLAND CMTY SD,2020,33,19.5,20.4,19.9
CALAMUS-WHEATLAND CMTY SD,2021,29,19.3,20.4,18.9
CAM CMTY SCHOOL DISTRICT,2017,28,19.0,20.5,20.9
CAM CMTY SCHOOL DISTRICT,2018,37,19.6,21.6,21.4
CAM CMTY SCHOOL DISTRICT,2019,33,18.6,21.2,20.5
CAM CMTY SCHOOL DISTRICT,2020,29,19.5,21.0,21.2
CAM CMTY SCHOOL DISTRICT,2021,16,19.6,22.1,22.5
CAMANCHE CMTY SCHOOL DISTRICT,2017,37,19.6,21.3,21.3
CAMANCHE CMTY SCHOOL DISTRICT,2018,36,19.8,21.4,20.3
CAMANCHE CMTY SCHOOL DISTRICT,2019,61,19.1,21.2,20.3
CAMANCHE CMTY SCHOOL DISTRICT,2020,66,16.7,17.3,17.2
CAMANCHE CMTY SCHOOL DISTRICT,2021,11,17.6,18.9,19.5
CARDINAL CMTY SCHOOL DISTRICT,2017,26,18.8,20.8,20.0
CARDINAL CMTY SCHOOL DISTRICT,2018,21,17.4,19.0,19.0
CARDINAL CMTY SCHOOL DISTRICT,2019,24,16.5,19.9,18.8
CARDINAL CMTY SCHOOL DISTRICT,2020,21,17.5,19.8,19.0
CARDINAL CMTY SCHOOL DISTRICT,2021,15,18.4,20.1,19.7
CARLISLE CMTY SCHOOL DISTRICT,2017,129,19.7,20.7,20.4
CARLISLE CMTY SCHOOL DISTRICT,2018,143,19.5,20.5,20.2
CARLISLE CMTY SCHOOL DISTRICT,2019,165,19.1,20.1,19.6
CARLISLE CMTY SCHOOL DISTRICT,2020,156,19.9,20.5,19.7
CARLISLE CMTY SCHOOL DISTRICT,2021,148,17.7,19.0,18.3
CARROLL CMTY SCHOOL DISTRICT,2017,62,21.9,22.7,22.1
CARROLL CMTY SCHOOL DISTRICT,2018,67,22.4,23.5,23.0
CARROLL CMTY SCHOOL DISTRICT,2019,48,21.4,21.9,21.7
CARROLL CMTY SCHOOL DISTRICT,2020,51,22.0,22.4,22.8
CARROLL CMTY SCHOOL DISTRICT,2021,43,20.9,21.7,21.7
CEDAR FALLS CMTY SCH DISTRICT,2017,264,22.9,24.0,23.6
CEDAR FALLS CMTY SCH DISTRICT,2018,259,22.7,23.7,23.4
CEDAR FALLS CMTY SCH DISTRICT,2019,257,22.0,23.6,23.0
CEDAR FALLS CMTY SCH DISTRICT,2020,239,23.1,24.7,24.3
CEDAR FALLS CMTY SCH DISTRICT,2021,160,23.8,25.3,24.6
CEDAR RAPIDS CMTY SCHOOL DIST,2017,637,23.5,23.8,23.7
CEDAR RAPIDS CMTY SCHOOL DIST,2018,561,22.9,23.1,23.1
CEDAR RAPIDS CMTY SCHOOL DIST,2019,568,22.8,23.0,23.1
CEDAR RAPIDS CMTY SCHOOL DIST,2020,933,19.7,20.3,19.9
CEDAR RAPIDS CMTY SCHOOL DIST,2021,596,20.5,21.7,21.3
CENTER POINT-URBANA CMTY SD,2017,61,22.2,22.4,22.2
CENTER POINT-URBANA CMTY SD,2018,82,21.9,22.1,22.0
CENTER POINT-URBANA CMTY SD,2019,76,23.6,23.6,23.9
CENTER POINT-URBANA CMTY SD,2020,79,22.6,22.6,22.8
CENTER POINT-URBANA CMTY SD,2021,47,22.3,23.3,22.6
CENTERVILLE CMTY SCHOOL DIST,2017,33,19.8,21.0,20.7
CENTERVILLE CMTY SCHOOL DIST,2018,34,19.8,21.2,20.9
CENTERVILLE CMTY SCHOOL DIST,2019,38,18.7,19.7,19.4
CENTERVILLE CMTY SCHOOL DIST,2020,43,19.3,21.3,20.7
CENTERVILLE CMTY SCHOOL DIST,2021,43,18.8,21.4,21.3
CENTRAL CITY CMTY SCH DIST,2017,24,19.4,20.4,20.5
CENTRAL CITY CMTY SCH DIST,2018,17,18.8,21.4,20.6
CENTRAL CITY CMTY SCH DIST,2019,18,18.6,21.5,20.0
CENTRAL CITY CMTY SCH DIST,2020,19,18.8,20.3,21.1
CENTRAL CITY CMTY SCH DIST,2021,Small  N ,Small  N ,Small  N ,Small  N 
CENTRAL CMTY SCHOOL DISTRICT,2017,14,19.4,19.8,20.0
CENTRAL CMTY SCHOOL DISTRICT,2018,21,19.4,20.7,20.1
CENTRAL CMTY SCHOOL DISTRICT,2019,17,19.5,21.2,21.4
CENTRAL CMTY SCHOOL DISTRICT,2020,21,18.0,21.5,20.4
CENTRAL CMTY SCHOOL DISTRICT,2021,Small  N ,Small  N ,Small  N ,Small  N 
CENTRAL DECATUR CMTY SCH DIST,2017,28,17.6,20.7,19.4
CENTRAL DECATUR CMTY SCH DIST,2018,18,17.7,20.3,18.2
CENTRAL DECATUR CMTY SCH DIST,2019,23,17.0,19.8,18.5
CENTRAL DECATUR CMTY SCH DIST,2020,16,19.3,20.8,20.6
CENTRAL DECATUR CMTY SCH DIST,2021,15,17.2,19.1,19.0
CENTRAL DEWITT CMTY SCH DIST,2017,69,19.8,22.0,21.1
CENTRAL DEWITT CMTY SCH DIST,2018,57,19.5,21.9,21.4
CENTRAL DEWITT CMTY SCH DIST,2019,66,19.4,22.3,21.2
CENTRAL DEWITT CMTY SCH DIST,2020,73,19.1,20.5,20.3
CENTRAL DEWITT CMTY SCH DIST,2021,47,21.3,23.8,22.9
CENTRAL LEE CMTY SCHOOL DIST,2017,31,22.2,22.6,22.8
CENTRAL LEE CMTY SCHOOL DIST,2018,46,21.7,22.0,21.8
CENTRAL LEE CMTY SCHOOL DIST,2019,45,21.1,20.8,21.2
CENTRAL LEE CMTY SCHOOL DIST,2020,23,23.3,22.9,23.5
CENTRAL LEE CMTY SCHOOL DIST,2021,19,20.2,20.6,21.5
CENTRAL LYON CMTY SCHOOL DIST,2017,40,21.9,24.2,23.8
CENTRAL LYON CMTY SCHOOL DIST,2018,25,22.6,24.1,23.9
CENTRAL LYON CMTY SCHOOL DIST,2019,30,22.5,23.6,23.9
CENTRAL LYON CMTY SCHOOL DIST,2020,37,21.6,23.2,23.3
CENTRAL LYON CMTY SCHOOL DIST,2021,35,21.7,23.2,22.5
CENTRAL SPRINGS CMTY SCH DIST,2017,35,20.7,21.2,20.7
CENTRAL SPRINGS CMTY SCH DIST,2018,31,21.8,20.8,21.1
CENTRAL SPRINGS CMTY SCH DIST,2019,35,22.9,24.4,22.9
CENTRAL SPRINGS CMTY SCH DIST,2020,21,21.3,22.1,21.8
CENTRAL SPRINGS CMTY SCH DIST,2021,12,22.1,23.5,22.6
CHARITON CMTY SCHOOL DISTRICT,2017,42,18.8,20.1,19.7
CHARITON CMTY SCHOOL DISTRICT,2018,39,18.8,20.6,20.6
CHARITON CMTY SCHOOL DISTRICT,2019,42,20.3,20.8,20.9
CHARITON CMTY SCHOOL DISTRICT,2020,25,20.5,21.7,21.2
CHARITON CMTY SCHOOL DISTRICT,2021,24,18.3,20.7,20.2
CHARLES CITY CMTY SCH DISTRICT,2017,69,21.2,22.4,21.8
CHARLES CITY CMTY SCH DISTRICT,2018,82,20.3,21.6,21.2
CHARLES CITY CMTY SCH DISTRICT,2019,61,20.4,21.8,21.2
CHARLES CITY CMTY SCH DISTRICT,2020,62,17.8,19.9,19.5
CHARLES CITY CMTY SCH DISTRICT,2021,49,20.0,22.5,21.5
CHEROKEE CMTY SCHOOL DISTRICT,2017,41,22.6,23.2,23.3
CHEROKEE CMTY SCHOOL DISTRICT,2018,38,20.3,21.3,20.4
CHEROKEE CMTY SCHOOL DISTRICT,2019,38,20.8,21.5,21.3
CHEROKEE CMTY SCHOOL DISTRICT,2020,38,19.9,21.6,20.8
CHEROKEE CMTY SCHOOL DISTRICT,2021,27,20.6,21.0,20.7
CLARINDA CMTY SCHOOL DISTRICT,2017,50,20.2,21.6,21.0
CLARINDA CMTY SCHOOL DISTRICT,2018,53,19.7,21.3,21.0
CLARINDA CMTY SCHOOL DISTRICT,2019,42,20.5,21.4,21.9
CLARINDA CMTY SCHOOL DISTRICT,2020,40,20.7,21.5,21.9
CLARINDA CMTY SCHOOL DISTRICT,2021,34,20.6,20.1,21.3
CLARION-GOLDFIELD-DOWS CMTY SD,2017,33,20.8,21.5,21.4
CLARION-GOLDFIELD-DOWS CMTY SD,2018,40,20.2,21.8,21.4
CLARION-GOLDFIELD-DOWS CMTY SD,2019,35,18.6,20.1,19.6
CLARION-GOLDFIELD-DOWS CMTY SD,2020,25,18.8,20.6,21.0
CLARION-GOLDFIELD-DOWS CMTY SD,2021,25,18.6,20.6,21.4
CLARKE CMTY SCHOOL DISTRICT,2017,38,20.6,21.2,20.9
CLARKE CMTY SCHOOL DISTRICT,2018,42,20.9,21.1,20.9
CLARKE CMTY SCHOOL DISTRICT,2019,39,19.9,20.7,20.4
CLARKE CMTY SCHOOL DISTRICT,2020,36,20.2,20.8,20.6
CLARKE CMTY SCHOOL DISTRICT,2021,23,21.9,21.6,22.1
CLARKSVILLE CMTY SCHOOL DIST,2017,13,20.8,21.4,21.0
CLARKSVILLE CMTY SCHOOL DIST,2018,Small  N ,Small  N ,Small  N ,Small  N 
CLARKSVILLE CMTY SCHOOL DIST,2019,12,21.1,21.2,21.2
CLARKSVILLE CMTY SCHOOL DIST,2020,15,20.2,20.3,20.5
CLARKSVILLE CMTY SCHOOL DIST,2021,Small  N ,Small  N ,Small  N ,Small  N 
CLAYTON RIDGE CMTY SCH DIST,2017,34,21.2,21.0,21.7
CLAYTON RIDGE CMTY SCH DIST,2018,40,20.2,21.0,21.2
CLAYTON RIDGE CMTY SCH DIST,2019,26,21.4,22.1,21.3
CLAYTON RIDGE CMTY SCH DIST,2020,22,19.7,21.8,21.8
CLAYTON RIDGE CMTY SCH DIST,2021,15,20.1,22.5,22.5
CLEAR CREEK AMANA CMTY SD,2017,99,22.1,22.8,22.0
CLEAR CREEK AMANA CMTY SD,2018,77,21.2,22.0,21.9
CLEAR CREEK AMANA CMTY SD,2019,79,22.8,23.1,23.1
CLEAR CREEK AMANA CMTY SD,2020,72,21.4,22.8,22.3
CLEAR CREEK AMANA CMTY SD,2021,58,22.8,23.3,22.9
CLEAR LAKE CMTY SCH DISTRICT,2017,46,20.8,21.9,21.7
CLEAR LAKE CMTY SCH DISTRICT,2018,58,21.8,21.9,22.6
CLEAR LAKE CMTY SCH DISTRICT,2019,59,22.2,22.7,23.3
CLEAR LAKE CMTY SCH DISTRICT,2020,52,21.9,22.9,23.6
CLEAR LAKE CMTY SCH DISTRICT,2021,45,20.9,22.7,22.5
CLINTON CMTY SCHOOL DISTRICT,2017,138,18.7,20.8,19.8
CLINTON CMTY SCHOOL DISTRICT,2018,119,18.5,20.3,19.4
CLINTON CMTY SCHOOL DISTRICT,2019,126,19.0,20.6,19.9
CLINTON CMTY SCHOOL DISTRICT,2020,108,18.6,20.9,19.9
CLINTON CMTY SCHOOL DISTRICT,2021,33,19.7,22.9,21.8
COLFAX-MINGO CMTY SCH DIST,2017,29,21.4,19.9,20.1
COLFAX-MINGO CMTY SCH DIST,2018,40,21.0,20.0,19.8
COLFAX-MINGO CMTY SCH DIST,2019,45,20.2,19.9,19.8
COLFAX-MINGO CMTY SCH DIST,2020,56,19.1,18.8,18.6
COLFAX-MINGO CMTY SCH DIST,2021,41,20.2,20.4,20.4
COLLEGE CMTY SCHOOL DISTRICT,2017,217,22.6,23.6,23.1
COLLEGE CMTY SCHOOL DISTRICT,2018,253,21.5,22.7,22.1
COLLEGE CMTY SCHOOL DISTRICT,2019,209,21.1,22.6,21.9
COLLEGE CMTY SCHOOL DISTRICT,2020,212,21.4,23.3,22.6
COLLEGE CMTY SCHOOL DISTRICT,2021,160,20.4,22.3,21.8
COLLINS-MAXWELL CMTY SCH DIST,2017,20,20.4,22.0,21.3
COLLINS-MAXWELL CMTY SCH DIST,2018,14,19.6,21.6,21.8
COLLINS-MAXWELL CMTY SCH DIST,2019,28,18.7,21.1,19.6
COLLINS-MAXWELL CMTY SCH DIST,2020,33,17.1,17.8,17.5
COLLINS-MAXWELL CMTY SCH DIST,2021,Small  N ,Small  N ,Small  N ,Small  N 
COLO-NESCO CMTY SCHOOL DIST,2017,22,19.4,22.1,21.7
COLO-NESCO CMTY SCHOOL DIST,2018,23,20.3,20.8,21.4
COLO-NESCO CMTY SCHOOL DIST,2019,16,19.6,20.9,21.2
COLO-NESCO CMTY SCHOOL DIST,2020,15,21.1,22.7,22.2
COLO-NESCO CMTY SCHOOL DIST,2021,Small  N ,Small  N ,Small  N ,Small  N 
COLUMBUS CMTY SCHOOL DISTRICT,2017,40,16.5,17.0,16.4
COLUMBUS CMTY SCHOOL DISTRICT,2018,40,16.8,17.9,16.8
COLUMBUS CMTY SCHOOL DISTRICT,2019,36,17.7,18.0,17.7
COLUMBUS CMTY SCHOOL DISTRICT,2020,42,16.1,16.8,16.0
COLUMBUS CMTY SCHOOL DISTRICT,2021,27,16.5,16.6,16.4
COON RAPIDS-BAYARD CMTY SD,2017,13,22.2,22.8,22.2
COON RAPIDS-BAYARD CMTY SD,2018,17,21.3,21.0,20.6
COON RAPIDS-BAYARD CMTY SD,2019,14,20.9,21.5,21.4
COON RAPIDS-BAYARD CMTY SD,2020,14,21.8,22.6,21.4
COON RAPIDS-BAYARD CMTY SD,2021,Small  N ,Small  N ,Small  N ,Small  N 
CORNING CMTY SCH DISTRICT,2017,21,19.7,21.3,20.8
CORNING CMTY SCH DISTRICT,2018,24,19.1,18.5,18.6
CORNING CMTY SCH DISTRICT,2019,19,21.1,22.3,21.9
CORNING CMTY SCH DISTRICT,2020,17,19.6,18.1,19.0
CORNING CMTY SCH DISTRICT,2021,16,18.4,20.7,19.6
COUNCIL BLUFFS CMTY SCH DIST,2017,249,18.9,21.2,20.5
COUNCIL BLUFFS CMTY SCH DIST,2018,263,18.8,20.8,20.6
COUNCIL BLUFFS CMTY SCH DIST,2019,176,18.8,21.0,20.6
COUNCIL BLUFFS CMTY SCH DIST,2020,220,19.2,20.9,20.7
COUNCIL BLUFFS CMTY SCH DIST,2021,158,18.9,20.6,20.2
CRESTON CMTY SCHOOL DISTRICT,2017,59,20.2,21.6,21.8
CRESTON CMTY SCHOOL DISTRICT,2018,68,19.5,20.9,20.8
CRESTON CMTY SCHOOL DISTRICT,2019,53,19.3,20.6,20.5
CRESTON CMTY SCHOOL DISTRICT,2020,46,19.7,21.7,21.6
CRESTON CMTY SCHOOL DISTRICT,2021,46,18.5,20.4,19.7
DALLAS CENTER GRIMES CMTY SD,2017,119,22.5,23.8,23.4
DALLAS CENTER GRIMES CMTY SD,2018,146,22.2,23.8,23.4
DALLAS CENTER GRIMES CMTY SD,2019,114,21.9,23.5,23.0
DALLAS CENTER GRIMES CMTY SD,2020,119,21.4,22.5,21.9
DALLAS CENTER GRIMES CMTY SD,2021,118,21.1,22.6,22.2
DANVILLE CMTY SCHOOL DISTRICT,2017,24,21.4,21.8,21.9
DANVILLE CMTY SCHOOL DISTRICT,2018,22,23.6,23.2,23.6
DANVILLE CMTY SCHOOL DISTRICT,2019,29,19.9,21.6,21.0
DANVILLE CMTY SCHOOL DISTRICT,2020,23,22.5,22.7,23.1
DANVILLE CMTY SCHOOL DISTRICT,2021,16,21.3,22.4,21.6
DAVENPORT CMTY SCHOOL DISTRICT,2017,456,20.0,21.3,20.8
DAVENPORT CMTY SCHOOL DISTRICT,2018,469,19.6,21.2,20.7
DAVENPORT CMTY SCHOOL DISTRICT,2019,462,20.0,21.4,21.0
DAVENPORT CMTY SCHOOL DISTRICT,2020,773,17.7,18.3,18.2
DAVENPORT CMTY SCHOOL DISTRICT,2021,359,18.5,20.1,19.4
DAVIS CO CMTY SCHOOL DISTRICT,2017,42,21.1,21.5,21.7
DAVIS CO CMTY SCHOOL DISTRICT,2018,31,20.0,20.5,20.8
DAVIS CO CMTY SCHOOL DISTRICT,2019,31,20.5,22.2,21.5
DAVIS CO CMTY SCHOOL DISTRICT,2020,31,20.2,21.2,21.1
DAVIS CO CMTY SCHOOL DISTRICT,2021,17,20.0,21.6,21.5
DECORAH CMTY SCHOOL DISTRICT,2017,94,22.2,23.0,23.0
DECORAH CMTY SCHOOL DISTRICT,2018,102,22.1,22.7,22.6
DECORAH CMTY SCHOOL DISTRICT,2019,97,23.2,23.8,24.1
DECORAH CMTY SCHOOL DISTRICT,2020,102,24.3,24.3,24.5
DECORAH CMTY SCHOOL DISTRICT,2021,57,23.6,24.5,24.7
DENISON CMTY SCHOOL DISTRICT,2017,81,20.8,20.6,20.6
DENISON CMTY SCHOOL DISTRICT,2018,97,19.8,20.9,20.2
DENISON CMTY SCHOOL DISTRICT,2019,101,19.1,19.7,19.3
DENISON CMTY SCHOOL DISTRICT,2020,150,18.6,18.7,18.4
DENISON CMTY SCHOOL DISTRICT,2021,89,19.0,19.0,18.4
DENVER CMTY SCHOOL DISTRICT,2017,46,22.6,22.7,22.3
DENVER CMTY SCHOOL DISTRICT,2018,41,22.5,22.5,22.0
DENVER CMTY SCHOOL DISTRICT,2019,43,23.7,23.1,23.1
DENVER CMTY SCHOOL DISTRICT,2020,35,22.7,23.4,23.0
DENVER CMTY SCHOOL DISTRICT,2021,28,23.5,23.5,23.4
DES MOINES PUBLIC SCHOOL DIST,2017,1814,17.4,18.4,17.8
DES MOINES PUBLIC SCHOOL DIST,2018,1889,17.4,17.9,17.5
DES MOINES PUBLIC SCHOOL DIST,2019,1928,17.0,17.5,17.1
DES MOINES PUBLIC SCHOOL DIST,2020,1868,16.7,17.2,16.8
DES MOINES PUBLIC SCHOOL DIST,2021,1611,16.8,17.9,17.1
DIKE-NEW HARTFORD CMTY SD,2017,48,19.7,21.0,20.6
DIKE-NEW HARTFORD CMTY SD,2018,34,20.0,22.3,21.2
DIKE-NEW HARTFORD CMTY SD,2019,30,21.1,21.8,21.8
DIKE-NEW HARTFORD CMTY SD,2020,41,21.4,21.9,21.5
DIKE-NEW HARTFORD CMTY SD,2021,19,23.9,25.7,25.9
DUBUQUE CMTY SCHOOL DISTRICT,2017,423,22.8,23.2,23.2
DUBUQUE CMTY SCHOOL DISTRICT,2018,431,22.0,22.8,22.5
DUBUQUE CMTY SCHOOL DISTRICT,2019,418,22.3,23.0,22.7
DUBUQUE CMTY SCHOOL DISTRICT,2020,363,22.3,23.1,22.8
DUBUQUE CMTY SCHOOL DISTRICT,2021,210,23.5,24.1,24.3
DUNKERTON CMTY SCH DISTRICT,2017,19,18.9,22.1,20.8
DUNKERTON CMTY SCH DISTRICT,2018,24,17.7,18.7,18.8
DUNKERTON CMTY SCH DISTRICT,2019,16,19.0,20.9,20.5
DUNKERTON CMTY SCH DISTRICT,2020,13,19.2,20.2,20.4
DUNKERTON CMTY SCH DISTRICT,2021,10,18.0,20.7,19.8
DURANT CMTY SCHOOL DISTRICT,2017,33,20.6,22.8,21.9
DURANT CMTY SCHOOL DISTRICT,2018,27,19.4,20.2,20.1
DURANT CMTY SCHOOL DISTRICT,2019,34,20.1,22.4,21.6
DURANT CMTY SCHOOL DISTRICT,2020,26,18.8,19.9,20.1
DURANT CMTY SCHOOL DISTRICT,2021,30,19.8,21.6,20.5
EAGLE GROVE CMTY SCHOOL DIST,2017,18,20.3,21.7,21.9
EAGLE GROVE CMTY SCHOOL DIST,2018,16,22.2,22.8,22.1
EAGLE GROVE CMTY SCHOOL DIST,2019,18,21.2,21.0,22.0
EAGLE GROVE CMTY SCHOOL DIST,2020,17,19.2,20.9,20.4
EAGLE GROVE CMTY SCHOOL DIST,2021,12,16.8,19.6,18.7
EARLHAM CMTY SCHOOL DISTRICT,2017,40,21.6,21.3,22.0
EARLHAM CMTY SCHOOL DISTRICT,2018,15,21.6,22.9,22.5
EARLHAM CMTY SCHOOL DISTRICT,2019,52,20.7,21.0,20.6
EARLHAM CMTY SCHOOL DISTRICT,2020,50,20.3,21.5,20.9
EARLHAM CMTY SCHOOL DISTRICT,2021,36,22.3,22.2,21.8
EAST BUCHANAN CMTY SCH DIST,2017,19,23.4,23.1,22.7
EAST BUCHANAN CMTY SCH DIST,2018,28,20.6,21.4,21.2
EAST BUCHANAN CMTY SCH DIST,2019,15,21.5,22.3,22.5
EAST BUCHANAN CMTY SCH DIST,2020,18,22.9,22.1,22.8
EAST BUCHANAN CMTY SCH DIST,2021,Small  N ,Small  N ,Small  N ,Small  N 
EAST MARSHALL CMTY SCHOOL DIST,2017,35,20.0,21.9,21.0
EAST MARSHALL CMTY SCHOOL DIST,2018,37,21.4,21.8,21.8
EAST MARSHALL CMTY SCHOOL DIST,2019,26,21.2,22.2,21.2
EAST MARSHALL CMTY SCHOOL DIST,2020,26,21.8,22.4,22.1
EAST MARSHALL CMTY SCHOOL DIST,2021,Small  N ,Small  N ,Small  N ,Small  N 
EAST MILLS CMTY SCHOOL DIST,2017,20,18.3,19.6,19.6
EAST MILLS CMTY SCHOOL DIST,2018,10,18.6,19.2,19.4
EAST MILLS CMTY SCHOOL DIST,2019,20,19.9,20.2,20.1
EAST MILLS CMTY SCHOOL DIST,2020,11,21.3,21.1,21.1
EAST MILLS CMTY SCHOOL DIST,2021,Small  N ,Small  N ,Small  N ,Small  N 
EAST SAC CO CMTY SCHOOL DIST,2017,38,19.9,21.1,21.2
EAST SAC CO CMTY SCHOOL DIST,2018,35,19.6,20.5,20.6
EAST SAC CO CMTY SCHOOL DIST,2019,32,20.3,20.8,20.8
EAST SAC CO CMTY SCHOOL DIST,2020,29,19.7,20.3,20.4
EAST SAC CO CMTY SCHOOL DIST,2021,24,20.6,20.5,19.9
EAST UNION CMTY SCHOOL DIST,2017,15,19.8,20.8,20.7
EAST UNION CMTY SCHOOL DIST,2018,17,18.5,20.9,20.4
EAST UNION CMTY SCHOOL DIST,2019,12,18.6,20.3,20.8
EAST UNION CMTY SCHOOL DIST,2020,14,16.9,20.2,19.2
EAST UNION CMTY SCHOOL DIST,2021,14,21.0,22.3,22.6
EASTERN ALLAMAKEE CMTY SD,2017,23,24.0,23.2,23.1
EASTERN ALLAMAKEE CMTY SD,2018,11,22.1,22.1,21.9
EASTERN ALLAMAKEE CMTY SD,2019,19,22.7,21.0,21.1
EASTERN ALLAMAKEE CMTY SD,2020,20,23.3,22.6,23.1
EASTERN ALLAMAKEE CMTY SD,2021,Small  N ,Small  N ,Small  N ,Small  N 
EASTON VALLEY CMTY SCHOOL DIST,2017,23,21.9,21.3,21.4
EASTON VALLEY CMTY SCHOOL DIST,2018,25,19.8,21.4,20.0
EASTON VALLEY CMTY SCHOOL DIST,2019,23,18.6,20.5,19.2
EASTON VALLEY CMTY SCHOOL DIST,2020,36,19.8,20.6,19.9
EASTON VALLEY CMTY SCHOOL DIST,2021,34,16.9,18.6,17.8
EDDYVLL-BLKSBRG-FREMNT CMTY SD,2017,26,20.0,22.3,21.6
EDDYVLL-BLKSBRG-FREMNT CMTY SD,2018,32,21.0,22.1,21.6
EDDYVLL-BLKSBRG-FREMNT CMTY SD,2019,38,20.0,21.9,21.1
EDDYVLL-BLKSBRG-FREMNT CMTY SD,2020,33,18.8,19.8,19.8
EDDYVLL-BLKSBRG-FREMNT CMTY SD,2021,23,17.8,19.4,18.7
EDGEWOOD COLESBURG CMTY SD,2017,21,20.0,21.9,21.2
EDGEWOOD COLESBURG CMTY SD,2018,17,20.5,20.7,20.6
EDGEWOOD COLESBURG CMTY SD,2019,19,21.9,21.8,21.8
EDGEWOOD COLESBURG CMTY SD,2020,12,20.6,22.2,20.3
EDGEWOOD COLESBURG CMTY SD,2021,Small  N ,Small  N ,Small  N ,Small  N 
ELDORA-NEW PROVIDENCE CMTY SD,2017,39,20.7,20.9,21.3
ELDORA-NEW PROVIDENCE CMTY SD,2018,26,20.7,21.0,21.7
ELDORA-NEW PROVIDENCE CMTY SD,2019,38,19.4,20.4,19.8
ELDORA-NEW PROVIDENCE CMTY SD,2020,19,19.8,19.9,19.9
ELDORA-NEW PROVIDENCE CMTY SD,2021,20,22.4,21.6,22.0
EMMETSBURG CMTY SCH DIST,2017,39,21.5,21.6,21.9
EMMETSBURG CMTY SCH DIST,2018,33,21.5,21.7,21.9
EMMETSBURG CMTY SCH DIST,2019,32,22.7,23.9,23.4
EMMETSBURG CMTY SCH DIST,2020,36,20.8,21.4,21.3
EMMETSBURG CMTY SCH DIST,2021,34,20.9,22.6,21.9
ENGLISH VALLEYS CMTY SCH DIST,2017,16,21.1,21.4,22.0
ENGLISH VALLEYS CMTY SCH DIST,2018,13,21.3,22.0,22.0
ENGLISH VALLEYS CMTY SCH DIST,2019,16,20.6,21.8,21.3
ENGLISH VALLEYS CMTY SCH DIST,2020,12,21.3,22.2,22.7
ENGLISH VALLEYS CMTY SCH DIST,2021,Small  N ,Small  N ,Small  N ,Small  N 
ESSEX CMTY SCHOOL DISTRICT,2017,16,19.4,21.8,20.8
ESSEX CMTY SCHOOL DISTRICT,2018,Small  N ,Small  N ,Small  N ,Small  N 
ESSEX CMTY SCHOOL DISTRICT,2019,Small  N ,Small  N ,Small  N ,Small  N 
ESSEX CMTY SCHOOL DISTRICT,2020,Small  N ,Small  N ,Small  N ,Small  N 
ESSEX CMTY SCHOOL DISTRICT,2021,Small  N ,Small  N ,Small  N ,Small  N 
ESTHERVILLE LINCOLN CTL CMSD,2017,38,18.6,20.3,19.9
ESTHERVILLE LINCOLN CTL CMSD,2018,44,19.3,21.8,21.1
ESTHERVILLE LINCOLN CTL CMSD,2019,37,18.7,20.9,20.2
ESTHERVILLE LINCOLN CTL CMSD,2020,35,17.6,20.1,19.5
ESTHERVILLE LINCOLN CTL CMSD,2021,23,18.1,20.6,20.0
EXIRA-ELK HORN-KIMBALLTON SD,2017,28,19.9,21.0,20.8
EXIRA-ELK HORN-KIMBALLTON SD,2018,13,21.2,22.5,21.8
EXIRA-ELK HORN-KIMBALLTON SD,2019,17,19.4,19.5,19.5
EXIRA-ELK HORN-KIMBALLTON SD,2020,23,19.5,21.1,20.1
EXIRA-ELK HORN-KIMBALLTON SD,2021,Small  N ,Small  N ,Small  N ,Small  N 
FAIRFIELD CMTY SCHOOL DISTRICT,2017,79,21.2,22.3,22.1
FAIRFIELD CMTY SCHOOL DISTRICT,2018,64,21.5,21.5,21.8
FAIRFIELD CMTY SCHOOL DISTRICT,2019,54,21.0,22.3,21.6
FAIRFIELD CMTY SCHOOL DISTRICT,2020,64,21.3,22.2,22.3
FAIRFIELD CMTY SCHOOL DISTRICT,2021,52,21.8,22.9,22.7
FOREST CITY CMTY SCHOOL DIST,2017,49,20.7,21.2,21.0
FOREST CITY CMTY SCHOOL DIST,2018,54,22.6,23.6,23.4
FOREST CITY CMTY SCHOOL DIST,2019,47,20.7,21.1,21.8
FOREST CITY CMTY SCHOOL DIST,2020,44,22.6,23.2,23.8
FOREST CITY CMTY SCHOOL DIST,2021,42,21.7,22.6,22.6
FREMONT-MILLS CMTY SCH DIST,2017,23,20.3,21.1,21.2
FREMONT-MILLS CMTY SCH DIST,2018,13,17.4,19.0,18.1
FREMONT-MILLS CMTY SCH DIST,2019,25,20.7,21.9,21.4
FREMONT-MILLS CMTY SCH DIST,2020,26,19.7,19.9,19.6
FREMONT-MILLS CMTY SCH DIST,2021,15,20.7,20.1,19.9
FT DODGE CMTY SCHOOL DIST,2017,72,21.7,22.8,23.0
FT DODGE CMTY SCHOOL DIST,2018,79,20.2,21.9,21.6
FT DODGE CMTY SCHOOL DIST,2019,80,19.8,21.3,20.8
FT DODGE CMTY SCHOOL DIST,2020,205,17.8,18.5,18.0
FT DODGE CMTY SCHOOL DIST,2021,43,20.4,22.0,21.8
FT MADISON CMTY SCHOOL DIST,2017,46,20.5,21.5,22.2
FT MADISON CMTY SCHOOL DIST,2018,57,20.3,22.0,21.2
FT MADISON CMTY SCHOOL DIST,2019,52,21.0,21.9,22.1
FT MADISON CMTY SCHOOL DIST,2020,39,19.3,21.3,20.7
FT MADISON CMTY SCHOOL DIST,2021,28,19.8,21.3,20.7
GALVA-HOLSTEIN CMTY SCH DIST,2017,22,19.3,21.9,20.6
GALVA-HOLSTEIN CMTY SCH DIST,2018,29,20.6,21.9,22.2
GALVA-HOLSTEIN CMTY SCH DIST,2019,30,20.3,21.6,21.2
GALVA-HOLSTEIN CMTY SCH DIST,2020,27,21.6,23.0,22.6
GALVA-HOLSTEIN CMTY SCH DIST,2021,15,22.6,22.6,22.7
GARNER-HAYFIELD-VENTURA CSD,2017,51,20.6,22.0,21.4
GARNER-HAYFIELD-VENTURA CSD,2018,56,21.3,22.5,21.8
GARNER-HAYFIELD-VENTURA CSD,2019,50,19.7,21.0,20.4
GARNER-HAYFIELD-VENTURA CSD,2020,34,20.9,21.8,21.9
GARNER-HAYFIELD-VENTURA CSD,2021,23,20.2,21.3,20.8
GEORGE-LITTLE ROCK CMTY SD,2017,16,21.4,23.5,24.1
GEORGE-LITTLE ROCK CMTY SD,2018,20,19.1,20.8,20.2
GEORGE-LITTLE ROCK CMTY SD,2019,25,21.4,22.7,22.6
GEORGE-LITTLE ROCK CMTY SD,2020,18,20.6,22.7,22.1
GEORGE-LITTLE ROCK CMTY SD,2021,Small  N ,Small  N ,Small  N ,Small  N 
GILBERT CMTY SCHOOL DISTRICT,2017,98,24.4,24.2,25.0
GILBERT CMTY SCHOOL DISTRICT,2018,96,24.1,24.8,25.3
GILBERT CMTY SCHOOL DISTRICT,2019,102,24.5,24.9,25.2
GILBERT CMTY SCHOOL DISTRICT,2020,88,24.0,24.2,24.4
GILBERT CMTY SCHOOL DISTRICT,2021,63,23.7,24.7,24.9
GLADBROOK-REINBECK CMTY SD,2017,25,19.6,20.8,19.5
GLADBROOK-REINBECK CMTY SD,2018,31,19.5,21.1,19.9
GLADBROOK-REINBECK CMTY SD,2019,22,20.4,21.4,21.2
GLADBROOK-REINBECK CMTY SD,2020,19,20.3,20.7,20.3
GLADBROOK-REINBECK CMTY SD,2021,Small  N ,Small  N ,Small  N ,Small  N 
GLENWOOD CMTY SCHOOL DISTRICT,2017,89,19.9,22.1,21.6
GLENWOOD CMTY SCHOOL DISTRICT,2018,90,20.5,22.5,21.8
GLENWOOD CMTY SCHOOL DISTRICT,2019,96,21.5,22.8,22.4
GLENWOOD CMTY SCHOOL DISTRICT,2020,88,20.4,22.0,21.6
GLENWOOD CMTY SCHOOL DISTRICT,2021,63,20.2,22.3,21.9
GLIDDEN-RALSTON CMTY SCH DIST,2017,16,20.6,23.1,22.8
GLIDDEN-RALSTON CMTY SCH DIST,2018,Small  N ,Small  N ,Small  N ,Small  N 
GLIDDEN-RALSTON CMTY SCH DIST,2019,19,18.3,21.1,21.3
GLIDDEN-RALSTON CMTY SCH DIST,2020,18,18.8,21.9,20.6
GLIDDEN-RALSTON CMTY SCH DIST,2021,Small  N ,Small  N ,Small  N ,Small  N 
GRAETTINGER-TERRIL CMTY SD,2017,17,17.4,20.4,20.1
GRAETTINGER-TERRIL CMTY SD,2018,12,19.3,21.6,21.2
GRAETTINGER-TERRIL CMTY SD,2019,16,19.1,19.5,20.6
GRAETTINGER-TERRIL CMTY SD,2020,Small  N ,Small  N ,Small  N ,Small  N 
GRAETTINGER-TERRIL CMTY SD,2021,Small  N ,Small  N ,Small  N ,Small  N 
GREEN MTN GARWIN CMTY SCH DIST,2017,17,19.7,21.3,20.5
GREEN MTN GARWIN CMTY SCH DIST,2018,11,22.1,23.3,22.2
GREEN MTN GARWIN CMTY SCH DIST,2019,20,19.3,21.0,20.0
GREEN MTN GARWIN CMTY SCH DIST,2020,19,18.3,19.7,19.7
GREEN MTN GARWIN CMTY SCH DIST,2021,10,21.9,23.8,24.0
GREENE CO CMTY SCHOOL DISTRICT,2017,41,22.1,22.6,22.4
GREENE CO CMTY SCHOOL DISTRICT,2018,55,21.4,23.2,22.3
GREENE CO CMTY SCHOOL DISTRICT,2019,27,19.3,21.6,21.1
GREENE CO CMTY SCHOOL DISTRICT,2020,38,21.1,22.4,21.9
GREENE CO CMTY SCHOOL DISTRICT,2021,28,19.7,21.0,21.1
GRINNELL-NEWBURG CMTY SCH DIST,2017,57,23.0,23.0,23.4
GRINNELL-NEWBURG CMTY SCH DIST,2018,74,24.6,24.6,24.9
GRINNELL-NEWBURG CMTY SCH DIST,2019,75,23.6,24.0,24.3
GRINNELL-NEWBURG CMTY SCH DIST,2020,82,24.4,24.9,25.3
GRINNELL-NEWBURG CMTY SCH DIST,2021,44,23.8,24.3,24.2
GRISWOLD CMTY SCHOOL DISTRICT,2017,27,19.4,19.6,19.6
GRISWOLD CMTY SCHOOL DISTRICT,2018,31,19.1,20.7,21.1
GRISWOLD CMTY SCHOOL DISTRICT,2019,23,20.5,21.6,22.0
GRISWOLD CMTY SCHOOL DISTRICT,2020,11,17.9,20.9,20.0
GRISWOLD CMTY SCHOOL DISTRICT,2021,10,19.0,21.4,20.6
GRUNDY CENTER CMTY SCHOOL DIST,2017,25,20.8,22.9,22.2
GRUNDY CENTER CMTY SCHOOL DIST,2018,32,21.1,23.3,22.6
GRUNDY CENTER CMTY SCHOOL DIST,2019,32,20.9,21.3,21.1
GRUNDY CENTER CMTY SCHOOL DIST,2020,30,21.5,22.7,22.2
GRUNDY CENTER CMTY SCHOOL DIST,2021,22,20.3,21.8,21.2
GUTHRIE CENTER CMTY SCH DIST,2017,19,23.5,23.4,23.1
GUTHRIE CENTER CMTY SCH DIST,2018,30,21.6,22.9,22.3
GUTHRIE CENTER CMTY SCH DIST,2019,31,21.2,22.2,22.3
GUTHRIE CENTER CMTY SCH DIST,2020,25,21.4,22.4,23.1
GUTHRIE CENTER CMTY SCH DIST,2021,20,22.2,22.8,23.5
HAMPTON-DUMONT CMTY SCH DIST,2017,37,20.4,21.3,20.8
HAMPTON-DUMONT CMTY SCH DIST,2018,43,21.3,21.6,20.6
HAMPTON-DUMONT CMTY SCH DIST,2019,63,21.7,22.3,21.6
HAMPTON-DUMONT CMTY SCH DIST,2020,57,20.7,20.7,20.3
HAMPTON-DUMONT CMTY SCH DIST,2021,42,19.6,20.3,19.8
HARLAN CMTY SCHOOL DISTRICT,2017,92,21.3,22.5,22.3
HARLAN CMTY SCHOOL DISTRICT,2018,101,21.9,21.8,21.8
HARLAN CMTY SCHOOL DISTRICT,2019,84,22.7,23.6,23.0
HARLAN CMTY SCHOOL DISTRICT,2020,71,21.8,22.1,21.9
HARLAN CMTY SCHOOL DISTRICT,2021,75,23.1,23.6,23.9
HARRIS-LAKE PARK CMTY SCH DIST,2017,17,22.9,22.5,22.5
HARRIS-LAKE PARK CMTY SCH DIST,2018,11,20.3,21.7,21.5
HARRIS-LAKE PARK CMTY SCH DIST,2019,16,18.4,19.9,19.6
HARRIS-LAKE PARK CMTY SCH DIST,2020,Small  N ,Small  N ,Small  N ,Small  N 
HARRIS-LAKE PARK CMTY SCH DIST,2021,11,19.0,18.6,18.6
HARTLEY-MELVIN-SANBORN CMTY SD,2017,27,20.9,21.6,21.0
HARTLEY-MELVIN-SANBORN CMTY SD,2018,15,19.6,20.1,19.2
HARTLEY-MELVIN-SANBORN CMTY SD,2019,31,22.8,23.5,22.6
HARTLEY-MELVIN-SANBORN CMTY SD,2020,19,22.4,22.6,22.4
HARTLEY-MELVIN-SANBORN CMTY SD,2021,11,23.0,21.8,22.5
HIGHLAND CMTY SCHOOL DISTRICT,2017,31,21.8,22.4,21.2
HIGHLAND CMTY SCHOOL DISTRICT,2018,21,20.9,22.3,21.8
HIGHLAND CMTY SCHOOL DISTRICT,2019,31,19.5,20.7,19.7
HIGHLAND CMTY SCHOOL DISTRICT,2020,24,20.8,20.3,20.7
HIGHLAND CMTY SCHOOL DISTRICT,2021,12,22.5,22.0,22.3
HINTON CMTY SCHOOL DISTRICT,2017,45,20.4,21.6,21.5
HINTON CMTY SCHOOL DISTRICT,2018,30,20.4,21.9,21.8
HINTON CMTY SCHOOL DISTRICT,2019,45,20.5,22.2,21.6
HINTON CMTY SCHOOL DISTRICT,2020,33,19.7,21.2,20.9
HINTON CMTY SCHOOL DISTRICT,2021,31,21.4,23.3,22.8
HLV CMTY SCHOOL DISTRICT,2017,15,21.9,22.6,22.3
HLV CMTY SCHOOL DISTRICT,2018,12,18.9,19.0,19.4
HLV CMTY SCHOOL DISTRICT,2019,13,18.2,20.3,19.9
HLV CMTY SCHOOL DISTRICT,2020,15,20.0,21.1,20.9
HLV CMTY SCHOOL DISTRICT,2021,11,19.8,20.7,20.8
HOWARD-WINNESHIEK CMTY SD,2017,59,21.5,22.0,21.9
HOWARD-WINNESHIEK CMTY SD,2018,57,20.1,20.6,20.4
HOWARD-WINNESHIEK CMTY SD,2019,44,21.2,20.9,21.2
HOWARD-WINNESHIEK CMTY SD,2020,52,20.7,21.6,21.3
HOWARD-WINNESHIEK CMTY SD,2021,23,20.0,21.1,20.7
HUBBARD-RADCLIFFE CMTY SD,2017,Small  N ,Small  N ,Small  N ,Small  N 
HUBBARD-RADCLIFFE CMTY SD,2018,Small  N ,Small  N ,Small  N ,Small  N 
HUBBARD-RADCLIFFE CMTY SD,2019,Small  N ,Small  N ,Small  N ,Small  N 
HUBBARD-RADCLIFFE CMTY SD,2020,Small  N ,Small  N ,Small  N ,Small  N 
HUBBARD-RADCLIFFE CMTY SD,2021,Small  N ,Small  N ,Small  N ,Small  N 
HUDSON CMTY SCHOOL DISTRICT,2017,25,22.4,24.3,23.8
HUDSON CMTY SCHOOL DISTRICT,2018,40,21.4,21.6,21.7
HUDSON CMTY SCHOOL DISTRICT,2019,28,20.8,21.3,21.1
HUDSON CMTY SCHOOL DISTRICT,2020,32,21.4,22.4,22.1
HUDSON CMTY SCHOOL DISTRICT,2021,18,20.6,21.7,21.8
HUMBOLDT CMTY SCHOOL DISTRICT,2017,71,23.2,23.1,22.9
HUMBOLDT CMTY SCHOOL DISTRICT,2018,55,23.2,22.2,22.3
HUMBOLDT CMTY SCHOOL DISTRICT,2019,57,22.7,23.2,22.5
HUMBOLDT CMTY SCHOOL DISTRICT,2020,51,22.8,21.5,21.8
HUMBOLDT CMTY SCHOOL DISTRICT,2021,31,24.4,23.3,23.4
IKM-MANNING CMTY SCHOOL DIST,2017,38,21.6,22.0,21.9
IKM-MANNING CMTY SCHOOL DIST,2018,26,20.2,21.2,21.4
IKM-MANNING CMTY SCHOOL DIST,2019,37,20.8,22.1,21.6
IKM-MANNING CMTY SCHOOL DIST,2020,22,21.7,21.4,21.6
IKM-MANNING CMTY SCHOOL DIST,2021,Small  N ,Small  N ,Small  N ,Small  N 
INDEPENDENCE CMTY SCH DISTRICT,2017,66,20.2,21.4,21.4
INDEPENDENCE CMTY SCH DISTRICT,2018,69,20.8,21.6,21.4
INDEPENDENCE CMTY SCH DISTRICT,2019,77,21.5,21.3,21.2
INDEPENDENCE CMTY SCH DISTRICT,2020,72,21.8,21.5,21.5
INDEPENDENCE CMTY SCH DISTRICT,2021,23,21.7,22.2,23.0
INDIANOLA CMTY SCHOOL DISTRICT,2017,178,22.1,22.8,22.6
INDIANOLA CMTY SCHOOL DISTRICT,2018,173,21.5,22.9,22.4
INDIANOLA CMTY SCHOOL DISTRICT,2019,165,21.5,22.8,22.2
INDIANOLA CMTY SCHOOL DISTRICT,2020,135,21.8,22.8,22.2
INDIANOLA CMTY SCHOOL DISTRICT,2021,139,22.2,23.2,22.6
INTERSTATE 35 CMTY SCHOOL DIST,2017,38,17.2,18.9,18.3
INTERSTATE 35 CMTY SCHOOL DIST,2018,46,19.5,21.4,21.4
INTERSTATE 35 CMTY SCHOOL DIST,2019,37,19.4,21.1,20.1
INTERSTATE 35 CMTY SCHOOL DIST,2020,37,19.8,21.8,21.2
INTERSTATE 35 CMTY SCHOOL DIST,2021,19,20.1,21.3,21.6
IOWA CITY CMTY SCHOOL DISTRICT,2017,639,24.9,24.8,25.0
IOWA CITY CMTY SCHOOL DISTRICT,2018,634,24.3,24.7,24.9
IOWA CITY CMTY SCHOOL DISTRICT,2019,633,24.3,24.5,24.7
IOWA CITY CMTY SCHOOL DISTRICT,2020,599,24.4,24.5,24.7
IOWA CITY CMTY SCHOOL DISTRICT,2021,443,26.0,26.2,26.4
IOWA FALLS CMTY SCHOOL DIST,2017,63,19.3,21.7,20.6
IOWA FALLS CMTY SCHOOL DIST,2018,52,20.1,21.5,21.4
IOWA FALLS CMTY SCHOOL DIST,2019,58,20.4,22.1,21.6
IOWA FALLS CMTY SCHOOL DIST,2020,52,18.3,20.1,19.3
IOWA FALLS CMTY SCHOOL DIST,2021,35,18.5,21.1,20.9
IOWA VALLEY CMTY SCH DISTRICT,2017,18,19.1,21.1,20.1
IOWA VALLEY CMTY SCH DISTRICT,2018,17,21.0,20.8,20.4
IOWA VALLEY CMTY SCH DISTRICT,2019,17,20.7,22.1,20.6
IOWA VALLEY CMTY SCH DISTRICT,2020,23,22.7,23.6,23.3
IOWA VALLEY CMTY SCH DISTRICT,2021,Small  N ,Small  N ,Small  N ,Small  N 
JANESVILLE CONS SCHOOL DIST,2017,15,21.4,22.1,21.9
JANESVILLE CONS SCHOOL DIST,2018,18,20.1,20.8,20.9
JANESVILLE CONS SCHOOL DIST,2019,17,22.8,23.7,22.3
JANESVILLE CONS SCHOOL DIST,2020,13,22.0,22.1,22.0
JANESVILLE CONS SCHOOL DIST,2021,Small  N ,Small  N ,Small  N ,Small  N 
JESUP CMTY SCHOOL DISTRICT,2017,23,22.5,23.7,23.0
JESUP CMTY SCHOOL DISTRICT,2018,30,21.3,22.0,21.7
JESUP CMTY SCHOOL DISTRICT,2019,28,21.1,21.6,21.5
JESUP CMTY SCHOOL DISTRICT,2020,38,22.3,22.5,22.1
JESUP CMTY SCHOOL DISTRICT,2021,13,22.8,23.5,22.7
JOHNSTON CMTY SCHOOL DISTRICT,2017,383,23.6,24.3,24.1
JOHNSTON CMTY SCHOOL DISTRICT,2018,377,23.9,24.5,24.5
JOHNSTON CMTY SCHOOL DISTRICT,2019,361,24.0,24.2,24.4
JOHNSTON CMTY SCHOOL DISTRICT,2020,344,23.6,23.9,23.8
JOHNSTON CMTY SCHOOL DISTRICT,2021,303,24.1,24.2,24.1
KEOKUK CMTY SCHOOL DISTRICT,2017,58,21.0,21.6,21.4
KEOKUK CMTY SCHOOL DISTRICT,2018,45,19.7,20.4,20.4
KEOKUK CMTY SCHOOL DISTRICT,2019,44,20.0,21.5,21.3
KEOKUK CMTY SCHOOL DISTRICT,2020,33,19.1,21.2,20.6
KEOKUK CMTY SCHOOL DISTRICT,2021,23,20.0,19.9,20.2
KEOTA CMTY SCHOOL DISTRICT,2017,10,23.6,22.3,22.2
KEOTA CMTY SCHOOL DISTRICT,2018,11,23.6,23.3,23.9
KEOTA CMTY SCHOOL DISTRICT,2019,12,19.5,19.3,19.1
KEOTA CMTY SCHOOL DISTRICT,2020,14,22.4,22.7,22.9
KEOTA CMTY SCHOOL DISTRICT,2021,13,19.3,20.3,18.8
KINGSLEY-PIERSON CMTY SCH DIST,2017,25,20.0,21.8,21.3
KINGSLEY-PIERSON CMTY SCH DIST,2018,31,19.7,21.9,20.8
KINGSLEY-PIERSON CMTY SCH DIST,2019,27,19.6,21.2,20.2
KINGSLEY-PIERSON CMTY SCH DIST,2020,21,21.4,22.4,22.6
KINGSLEY-PIERSON CMTY SCH DIST,2021,25,20.5,21.3,20.8
KNOXVILLE CMTY SCHOOL DISTRICT,2017,68,20.9,21.5,21.2
KNOXVILLE CMTY SCHOOL DISTRICT,2018,70,20.9,20.9,20.8
KNOXVILLE CMTY SCHOOL DISTRICT,2019,51,21.2,21.7,21.3
KNOXVILLE CMTY SCHOOL DISTRICT,2020,62,21.1,22.0,21.6
KNOXVILLE CMTY SCHOOL DISTRICT,2021,31,20.1,21.1,20.4
LAKE MILLS CMTY SCH DISTRICT,2017,32,21.7,22.4,22.0
LAKE MILLS CMTY SCH DISTRICT,2018,32,21.6,22.7,22.0
LAKE MILLS CMTY SCH DISTRICT,2019,30,21.0,21.7,21.2
LAKE MILLS CMTY SCH DISTRICT,2020,24,21.4,21.5,22.2
LAKE MILLS CMTY SCH DISTRICT,2021,15,19.8,21.9,20.7
LAMONI CMTY SCHOOL DISTRICT,2017,11,21.7,23.0,22.5
LAMONI CMTY SCHOOL DISTRICT,2018,20,16.1,17.4,16.9
LAMONI CMTY SCHOOL DISTRICT,2019,12,19.5,21.6,21.3
LAMONI CMTY SCHOOL DISTRICT,2020,19,20.4,21.8,21.0
LAMONI CMTY SCHOOL DISTRICT,2021,13,18.2,20.2,20.2
LAWTON-BRONSON CMTY SCH DIST,2017,30,20.7,22.1,21.7
LAWTON-BRONSON CMTY SCH DIST,2018,32,21.4,22.2,21.4
LAWTON-BRONSON CMTY SCH DIST,2019,36,21.6,21.9,21.9
LAWTON-BRONSON CMTY SCH DIST,2020,34,20.3,21.2,21.6
LAWTON-BRONSON CMTY SCH DIST,2021,28,19.1,20.1,19.9
LE MARS CMTY SCHOOL DISTRICT,2017,90,21.8,22.1,21.8
LE MARS CMTY SCHOOL DISTRICT,2018,99,23.2,22.4,22.7
LE MARS CMTY SCHOOL DISTRICT,2019,83,22.0,21.9,22.1
LE MARS CMTY SCHOOL DISTRICT,2020,93,22.2,22.5,22.1
LE MARS CMTY SCHOOL DISTRICT,2021,69,21.9,22.7,22.3
LENOX CMTY SCHOOL DISTRICT,2017,16,19.6,20.5,19.6
LENOX CMTY SCHOOL DISTRICT,2018,19,19.4,19.7,19.5
LENOX CMTY SCHOOL DISTRICT,2019,19,19.0,20.0,20.1
LENOX CMTY SCHOOL DISTRICT,2020,22,17.0,18.5,17.4
LENOX CMTY SCHOOL DISTRICT,2021,14,21.1,20.8,20.9
LEWIS CENTRAL CMTY SCH DIST,2017,163,20.7,21.9,21.6
LEWIS CENTRAL CMTY SCH DIST,2018,166,20.7,21.9,21.9
LEWIS CENTRAL CMTY SCH DIST,2019,145,20.5,21.2,20.7
LEWIS CENTRAL CMTY SCH DIST,2020,158,20.6,20.9,20.8
LEWIS CENTRAL CMTY SCH DIST,2021,118,19.5,20.9,20.6
LINN-MAR CMTY SCHOOL DISTRICT,2017,337,24.0,24.3,24.2
LINN-MAR CMTY SCHOOL DISTRICT,2018,374,23.6,23.9,23.7
LINN-MAR CMTY SCHOOL DISTRICT,2019,332,23.7,23.8,23.9
LINN-MAR CMTY SCHOOL DISTRICT,2020,330,23.8,23.9,24.0
LINN-MAR CMTY SCHOOL DISTRICT,2021,263,24.5,24.8,24.7
LISBON CMTY SCHOOL DISTRICT,2017,32,21.1,21.9,21.4
LISBON CMTY SCHOOL DISTRICT,2018,39,22.6,23.0,22.7
LISBON CMTY SCHOOL DISTRICT,2019,30,21.8,22.4,22.6
LISBON CMTY SCHOOL DISTRICT,2020,19,21.7,22.8,22.7
LISBON CMTY SCHOOL DISTRICT,2021,14,21.9,23.7,22.8
LOGAN-MAGNOLIA CMTY SCH DIST,2017,28,21.0,21.2,21.0
LOGAN-MAGNOLIA CMTY SCH DIST,2018,64,19.0,19.5,19.3
LOGAN-MAGNOLIA CMTY SCH DIST,2019,49,19.4,20.8,20.0
LOGAN-MAGNOLIA CMTY SCH DIST,2020,56,18.9,19.6,19.8
LOGAN-MAGNOLIA CMTY SCH DIST,2021,38,19.0,21.1,20.3
LONE TREE CMTY SCHOOL DISTRICT,2017,22,18.5,20.6,19.8
LONE TREE CMTY SCHOOL DISTRICT,2018,19,19.6,22.4,20.9
LONE TREE CMTY SCHOOL DISTRICT,2019,18,20.9,22.3,22.3
LONE TREE CMTY SCHOOL DISTRICT,2020,20,20.4,20.3,20.9
LONE TREE CMTY SCHOOL DISTRICT,2021,23,19.2,20.7,19.9
LOUISA-MUSCATINE CMTY SCH DIST,2017,36,18.0,19.4,19.1
LOUISA-MUSCATINE CMTY SCH DIST,2018,35,18.7,20.9,20.5
LOUISA-MUSCATINE CMTY SCH DIST,2019,25,18.1,20.0,19.8
LOUISA-MUSCATINE CMTY SCH DIST,2020,25,19.8,20.8,20.3
LOUISA-MUSCATINE CMTY SCH DIST,2021,Small  N ,Small  N ,Small  N ,Small  N 
LYNNVILLE-SULLY CMTY SCH DIST,2017,24,24.8,24.3,24.5
LYNNVILLE-SULLY CMTY SCH DIST,2018,20,23.2,22.7,22.4
LYNNVILLE-SULLY CMTY SCH DIST,2019,20,22.4,21.9,21.7
LYNNVILLE-SULLY CMTY SCH DIST,2020,14,21.9,22.5,22.2
LYNNVILLE-SULLY CMTY SCH DIST,2021,15,21.5,20.8,21.5
MADRID CMTY SCHOOL DISTRICT,2017,25,21.3,23.1,22.3
MADRID CMTY SCHOOL DISTRICT,2018,36,20.7,23.4,22.2
MADRID CMTY SCHOOL DISTRICT,2019,27,21.6,23.4,23.0
MADRID CMTY SCHOOL DISTRICT,2020,26,19.8,23.0,22.1
MADRID CMTY SCHOOL DISTRICT,2021,32,22.0,23.3,23.4
MANSON NW WEBSTER CMTY SD,2017,29,20.9,21.0,21.0
MANSON NW WEBSTER CMTY SD,2018,23,20.0,20.7,20.5
MANSON NW WEBSTER CMTY SD,2019,18,19.7,21.1,21.3
MANSON NW WEBSTER CMTY SD,2020,26,19.7,20.3,20.5
MANSON NW WEBSTER CMTY SD,2021,Small  N ,Small  N ,Small  N ,Small  N 
MAPLE VALLEY ANTHON-OTO SD,2017,31,21.0,21.4,21.0
MAPLE VALLEY ANTHON-OTO SD,2018,27,21.7,22.0,21.4
MAPLE VALLEY ANTHON-OTO SD,2019,29,19.1,20.2,19.3
MAPLE VALLEY ANTHON-OTO SD,2020,33,19.7,20.6,20.8
MAPLE VALLEY ANTHON-OTO SD,2021,18,20.3,23.4,22.8
MAQUOKETA CMTY SCHOOL DISTRICT,2017,61,20.7,22.0,21.0
MAQUOKETA CMTY SCHOOL DISTRICT,2018,58,21.2,21.4,21.6
MAQUOKETA CMTY SCHOOL DISTRICT,2019,64,20.5,21.2,20.8
MAQUOKETA CMTY SCHOOL DISTRICT,2020,56,20.1,21.7,21.1
MAQUOKETA CMTY SCHOOL DISTRICT,2021,41,19.8,19.7,19.3
MAQUOKETA VALLEY CMTY SCH DIST,2017,28,21.4,21.6,21.8
MAQUOKETA VALLEY CMTY SCH DIST,2018,40,22.8,21.7,21.8
MAQUOKETA VALLEY CMTY SCH DIST,2019,31,21.6,22.2,22.2
MAQUOKETA VALLEY CMTY SCH DIST,2020,22,22.4,23.2,23.9
MAQUOKETA VALLEY CMTY SCH DIST,2021,23,20.9,22.0,22.0
MARCUS-MERIDEN-CLEGHORN CSD,2017,17,16.6,17.2,16.6
MARCUS-MERIDEN-CLEGHORN CSD,2018,34,19.6,19.9,19.9
MARCUS-MERIDEN-CLEGHORN CSD,2019,35,18.1,19.4,19.0
MARCUS-MERIDEN-CLEGHORN CSD,2020,31,20.4,21.3,20.7
MARCUS-MERIDEN-CLEGHORN CSD,2021,19,19.9,21.1,20.6
MARION IND SCHOOL DISTRICT,2017,73,22.1,22.9,22.8
MARION IND SCHOOL DISTRICT,2018,106,22.2,22.7,22.7
MARION IND SCHOOL DISTRICT,2019,96,22.1,22.5,21.9
MARION IND SCHOOL DISTRICT,2020,102,22.2,22.6,22.7
MARION IND SCHOOL DISTRICT,2021,95,22.7,24.3,24.1
MARSHALLTOWN CMTY SCHOOL DIST,2017,107,21.4,21.9,21.5
MARSHALLTOWN CMTY SCHOOL DIST,2018,108,21.2,21.7,21.1
MARSHALLTOWN CMTY SCHOOL DIST,2019,119,20.2,20.6,19.8
MARSHALLTOWN CMTY SCHOOL DIST,2020,167,19.7,20.2,19.7
MARSHALLTOWN CMTY SCHOOL DIST,2021,41,21.0,22.2,21.0
MARTENSDALE-ST MARYS CMTY SD,2017,23,19.0,21.3,20.5
MARTENSDALE-ST MARYS CMTY SD,2018,29,18.9,21.1,20.2
MARTENSDALE-ST MARYS CMTY SD,2019,30,19.2,21.5,21.3
MARTENSDALE-ST MARYS CMTY SD,2020,26,19.6,20.9,20.9
MARTENSDALE-ST MARYS CMTY SD,2021,20,20.1,21.1,21.0
MASON CITY CMTY SCH DISTRICT,2017,111,21.5,22.8,22.3
MASON CITY CMTY SCH DISTRICT,2018,121,21.6,23.0,22.8
MASON CITY CMTY SCH DISTRICT,2019,130,20.8,21.3,21.2
MASON CITY CMTY SCH DISTRICT,2020,99,20.9,21.5,21.1
MASON CITY CMTY SCH DISTRICT,2021,63,21.8,22.8,22.5
MEDIAPOLIS CMTY SCH DISTRICT,2017,40,22.7,23.1,23.5
MEDIAPOLIS CMTY SCH DISTRICT,2018,28,20.5,21.4,22.0
MEDIAPOLIS CMTY SCH DISTRICT,2019,32,22.0,22.2,22.7
MEDIAPOLIS CMTY SCH DISTRICT,2020,29,21.0,21.5,22.0
MEDIAPOLIS CMTY SCH DISTRICT,2021,13,21.4,22.9,22.1
MELCHER-DALLAS CMTY SCH DIST,2017,Small  N ,Small  N ,Small  N ,Small  N 
MELCHER-DALLAS CMTY SCH DIST,2018,Small  N ,Small  N ,Small  N ,Small  N 
MELCHER-DALLAS CMTY SCH DIST,2019,Small  N ,Small  N ,Small  N ,Small  N 
MELCHER-DALLAS CMTY SCH DIST,2020,Small  N ,Small  N ,Small  N ,Small  N 
MELCHER-DALLAS CMTY SCH DIST,2021,Small  N ,Small  N ,Small  N ,Small  N 
MFL MARMAC CMTY SCHOOL DIST,2017,25,19.5,21.2,20.6
MFL MARMAC CMTY SCHOOL DIST,2018,19,19.5,20.6,20.2
MFL MARMAC CMTY SCHOOL DIST,2019,35,19.1,20.6,20.3
MFL MARMAC CMTY SCHOOL DIST,2020,20,18.5,20.3,19.8
MFL MARMAC CMTY SCHOOL DIST,2021,17,20.3,21.3,21.6
MIDLAND CMTY SCHOOL DISTRICT,2017,12,20.6,19.5,20.4
MIDLAND CMTY SCHOOL DISTRICT,2018,Small  N ,Small  N ,Small  N ,Small  N 
MIDLAND CMTY SCHOOL DISTRICT,2019,21,20.1,22.1,21.4
MIDLAND CMTY SCHOOL DISTRICT,2020,10,17.0,20.6,19.1
MIDLAND CMTY SCHOOL DISTRICT,2021,15,18.0,21.5,19.4
MID-PRAIRIE CMTY SCHOOL DIST,2017,59,21.2,22.9,22.2
MID-PRAIRIE CMTY SCHOOL DIST,2018,52,22.1,23.4,22.9
MID-PRAIRIE CMTY SCHOOL DIST,2019,46,21.9,22.5,22.3
MID-PRAIRIE CMTY SCHOOL DIST,2020,47,21.7,22.6,22.6
MID-PRAIRIE CMTY SCHOOL DIST,2021,52,21.1,22.2,21.8
MISSOURI VALLEY CMTY SCH DIST,2017,33,18.6,20.9,20.5
MISSOURI VALLEY CMTY SCH DIST,2018,47,18.3,20.7,19.9
MISSOURI VALLEY CMTY SCH DIST,2019,38,18.8,21.4,20.8
MISSOURI VALLEY CMTY SCH DIST,2020,29,20.3,22.3,21.7
MISSOURI VALLEY CMTY SCH DIST,2021,29,17.6,19.9,19.3
MOC-FLOYD VALLEY CMTY SCH DIST,2017,67,22.3,22.9,23.1
MOC-FLOYD VALLEY CMTY SCH DIST,2018,67,22.2,24.1,23.7
MOC-FLOYD VALLEY CMTY SCH DIST,2019,65,21.8,22.4,22.5
MOC-FLOYD VALLEY CMTY SCH DIST,2020,62,20.7,21.9,21.6
MOC-FLOYD VALLEY CMTY SCH DIST,2021,40,21.4,22.0,22.0
MONTEZUMA CMTY SCHOOL DISTRICT,2017,36,19.9,21.9,20.5
MONTEZUMA CMTY SCHOOL DISTRICT,2018,29,21.0,20.9,21.5
MONTEZUMA CMTY SCHOOL DISTRICT,2019,25,20.2,19.7,19.4
MONTEZUMA CMTY SCHOOL DISTRICT,2020,23,19.7,20.8,20.8
MONTEZUMA CMTY SCHOOL DISTRICT,2021,23,19.5,19.9,19.8
MONTICELLO CMTY SCH DISTRICT,2017,36,19.7,21.6,20.9
MONTICELLO CMTY SCH DISTRICT,2018,60,22.6,23.6,23.2
MONTICELLO CMTY SCH DISTRICT,2019,46,20.7,22.5,21.8
MONTICELLO CMTY SCH DISTRICT,2020,44,20.9,23.2,22.3
MONTICELLO CMTY SCH DISTRICT,2021,40,20.6,22.1,22.2
MORAVIA CMTY SCHOOL DISTRICT,2017,17,19.4,21.2,21.0
MORAVIA CMTY SCHOOL DISTRICT,2018,13,18.8,20.5,19.9
MORAVIA CMTY SCHOOL DISTRICT,2019,13,17.2,19.5,18.9
MORAVIA CMTY SCHOOL DISTRICT,2020,10,17.3,18.3,18.6
MORAVIA CMTY SCHOOL DISTRICT,2021,13,17.3,19.7,19.1
MORMON TRAIL CMTY SCH DISTRICT,2017,Small  N ,Small  N ,Small  N ,Small  N 
MORMON TRAIL CMTY SCH DISTRICT,2018,Small  N ,Small  N ,Small  N ,Small  N 
MORMON TRAIL CMTY SCH DISTRICT,2019,Small  N ,Small  N ,Small  N ,Small  N 
MORMON TRAIL CMTY SCH DISTRICT,2020,Small  N ,Small  N ,Small  N ,Small  N 
MORMON TRAIL CMTY SCH DISTRICT,2021,Small  N ,Small  N ,Small  N ,Small  N 
MOULTON-UDELL CMTY SCH DIST,2017,13,20.4,22.2,21.8
MOULTON-UDELL CMTY SCH DIST,2018,Small  N ,Small  N ,Small  N ,Small  N 
MOULTON-UDELL CMTY SCH DIST,2019,Small  N ,Small  N ,Small  N ,Small  N 
MOULTON-UDELL CMTY SCH DIST,2020,Small  N ,Small  N ,Small  N ,Small  N 
MOULTON-UDELL CMTY SCH DIST,2021,Small  N ,Small  N ,Small  N ,Small  N 
MOUNT AYR CMTY SCHOOL DISTRICT,2017,17,21.1,20.6,20.9
MOUNT  AYR CMTY SCHOOL DISTRICT,2018,29,21.0,21.9,21.2
MOUNT  AYR CMTY SCHOOL DISTRICT,2019,22,19.4,19.6,19.1
MOUNT  AYR CMTY SCHOOL DISTRICT,2020,26,20.2,21.2,20.4
MOUNT  AYR CMTY SCHOOL DISTRICT,2021,22,20.8,21.2,21.7
MOUNT  PLEASANT CMTY SCHOOL DIST,2017,92,22.7,23.4,22.5
MOUNT  PLEASANT CMTY SCHOOL DIST,2018,85,21.6,22.3,21.9
MOUNT  PLEASANT CMTY SCHOOL DIST,2019,73,21.0,22.1,21.5
MOUNT  PLEASANT CMTY SCHOOL DIST,2020,68,21.7,22.3,22.0
MOUNT  PLEASANT CMTY SCHOOL DIST,2021,44,21.7,22.7,22.2
MOUNT VERNON CMTY SCHOOL DISTRICT,2017,83,23.5,24.2,24.2
MOUNT  VERNON CMTY SCHOOL DISTRICT,2018,80,22.9,24.0,23.9
MOUNT  VERNON CMTY SCHOOL DISTRICT,2019,71,23.3,22.8,23.4
MOUNT  VERNON CMTY SCHOOL DISTRICT,2020,82,21.5,22.4,22.2
MOUNT  VERNON CMTY SCHOOL DISTRICT,2021,59,22.7,23.1,23.2
MURRAY CMTY SCHOOL DISTRICT,2017,15,18.3,20.0,19.0
MURRAY CMTY SCHOOL DISTRICT,2018,Small  N ,Small  N ,Small  N ,Small  N 
MURRAY CMTY SCHOOL DISTRICT,2019,17,21.1,22.1,21.8
MURRAY CMTY SCHOOL DISTRICT,2020,13,18.5,21.0,19.6
MURRAY CMTY SCHOOL DISTRICT,2021,Small  N ,Small  N ,Small  N ,Small  N 
MUSCATINE CMTY SCHOOL DISTRICT,2017,317,18.6,19.9,19.4
MUSCATINE CMTY SCHOOL DISTRICT,2018,321,18.4,19.3,18.8
MUSCATINE CMTY SCHOOL DISTRICT,2019,295,19.0,19.8,19.3
MUSCATINE CMTY SCHOOL DISTRICT,2020,308,18.1,19.4,18.7
MUSCATINE CMTY SCHOOL DISTRICT,2021,332,17.9,19.9,18.9
NASHUA-PLAINFIELD CMTY SD,2017,14,21.1,21.3,20.5
NASHUA-PLAINFIELD CMTY SD,2018,29,20.8,21.5,21.0
NASHUA-PLAINFIELD CMTY SD,2019,20,20.8,20.9,20.6
NASHUA-PLAINFIELD CMTY SD,2020,18,23.1,22.1,21.8
NASHUA-PLAINFIELD CMTY SD,2021,21,22.4,21.9,20.6
NEVADA CMTY SCHOOL DISTRICT,2017,73,20.0,21.1,20.9
NEVADA CMTY SCHOOL DISTRICT,2018,69,20.4,21.8,21.4
NEVADA CMTY SCHOOL DISTRICT,2019,75,21.6,22.7,22.7
NEVADA CMTY SCHOOL DISTRICT,2020,63,21.1,22.5,22.8
NEVADA CMTY SCHOOL DISTRICT,2021,48,20.6,21.9,21.9
NEW HAMPTON CMTY SCH DISTRICT,2017,51,20.6,22.2,21.9
NEW HAMPTON CMTY SCH DISTRICT,2018,52,20.8,22.2,21.8
NEW HAMPTON CMTY SCH DISTRICT,2019,67,19.9,21.1,20.6
NEW HAMPTON CMTY SCH DISTRICT,2020,45,20.9,22.3,21.4
NEW HAMPTON CMTY SCH DISTRICT,2021,36,21.9,22.5,21.9
NEW LONDON CMTY SCH DISTRICT,2017,12,21.1,20.8,21.1
NEW LONDON CMTY SCH DISTRICT,2018,21,19.8,21.5,20.5
NEW LONDON CMTY SCH DISTRICT,2019,12,21.5,23.1,22.5
NEW LONDON CMTY SCH DISTRICT,2020,18,19.4,21.0,20.8
NEW LONDON CMTY SCH DISTRICT,2021,12,19.7,18.8,19.2
NEWELL-FONDA CMTY SCHOOL DIST,2017,17,20.7,22.0,21.7
NEWELL-FONDA CMTY SCHOOL DIST,2018,27,19.5,21.0,20.1
NEWELL-FONDA CMTY SCHOOL DIST,2019,19,17.5,19.2,18.2
NEWELL-FONDA CMTY SCHOOL DIST,2020,12,17.5,18.3,18.7
NEWELL-FONDA CMTY SCHOOL DIST,2021,10,20.4,20.5,20.6
NEWTON CMTY SCHOOL DISTRICT,2017,79,21.4,22.5,22.2
NEWTON CMTY SCHOOL DISTRICT,2018,114,20.6,21.9,21.5
NEWTON CMTY SCHOOL DISTRICT,2019,81,21.7,22.1,21.9
NEWTON CMTY SCHOOL DISTRICT,2020,88,20.4,21.6,21.3
NEWTON CMTY SCHOOL DISTRICT,2021,54,19.6,21.2,20.5
NODAWAY VALLEY CMTY SCH DIST,2017,33,20.8,22.3,22.4
NODAWAY VALLEY CMTY SCH DIST,2018,17,21.6,22.1,21.7
NODAWAY VALLEY CMTY SCH DIST,2019,33,17.4,19.9,19.3
NODAWAY VALLEY CMTY SCH DIST,2020,22,19.1,20.8,21.3
NODAWAY VALLEY CMTY SCH DIST,2021,17,22.8,23.8,23.9
NORTH BUTLER CMTY SCH DIST,2017,21,20.2,20.6,20.7
NORTH BUTLER CMTY SCH DIST,2018,21,19.9,21.0,20.1
NORTH BUTLER CMTY SCH DIST,2019,25,21.1,22.2,20.8
NORTH BUTLER CMTY SCH DIST,2020,14,19.4,21.1,20.5
NORTH BUTLER CMTY SCH DIST,2021,14,18.9,20.9,20.5
NORTH CEDAR CMTY SCHOOL DIST,2017,33,21.5,21.7,21.2
NORTH CEDAR CMTY SCHOOL DIST,2018,36,21.4,21.6,21.4
NORTH CEDAR CMTY SCHOOL DIST,2019,26,20.2,20.8,20.3
NORTH CEDAR CMTY SCHOOL DIST,2020,22,20.7,21.3,20.2
NORTH CEDAR CMTY SCHOOL DIST,2021,20,23.0,23.2,22.0
NORTH FAYETTE VALLEY CMTY SD,2017,56,21.6,22.7,22.3
NORTH FAYETTE VALLEY CMTY SD,2018,56,21.4,22.2,22.0
NORTH FAYETTE VALLEY CMTY SD,2019,35,21.5,22.3,21.9
NORTH FAYETTE VALLEY CMTY SD,2020,36,20.5,20.7,21.1
NORTH FAYETTE VALLEY CMTY SD,2021,23,19.4,21.3,21.0
NORTH IOWA CMTY SCH DISTRICT,2017,23,19.9,22.7,22.3
NORTH IOWA CMTY SCH DISTRICT,2018,12,19.3,20.6,20.9
NORTH IOWA CMTY SCH DISTRICT,2019,13,16.8,19.2,18.2
NORTH IOWA CMTY SCH DISTRICT,2020,24,19.1,19.9,19.7
NORTH IOWA CMTY SCH DISTRICT,2021,14,17.6,19.6,19.2
NORTH MAHASKA CMTY SCH DIST,2017,32,19.4,20.7,20.6
NORTH MAHASKA CMTY SCH DIST,2018,17,20.6,20.8,20.8
NORTH MAHASKA CMTY SCH DIST,2019,13,19.3,21.2,20.6
NORTH MAHASKA CMTY SCH DIST,2020,25,19.6,20.8,20.6
NORTH MAHASKA CMTY SCH DIST,2021,12,21.5,22.0,22.1
NORTH POLK CMTY SCHOOL DIST,2017,61,21.2,22.8,22.7
NORTH POLK CMTY SCHOOL DIST,2018,79,20.8,23.0,22.7
NORTH POLK CMTY SCHOOL DIST,2019,85,20.9,22.5,22.1
NORTH POLK CMTY SCHOOL DIST,2020,74,21.3,22.0,22.0
NORTH POLK CMTY SCHOOL DIST,2021,78,21.9,23.4,23.0
NORTH SCOTT CMTY SCHOOL DIST,2017,148,22.2,23.2,22.7
NORTH SCOTT CMTY SCHOOL DIST,2018,162,21.7,22.0,21.5
NORTH SCOTT CMTY SCHOOL DIST,2019,160,22.4,22.9,22.4
NORTH SCOTT CMTY SCHOOL DIST,2020,152,22.6,22.6,22.5
NORTH SCOTT CMTY SCHOOL DIST,2021,111,22.1,23.1,22.0
NORTH TAMA CO CMTY SCH DIST,2017,22,21.6,22.5,22.1
NORTH TAMA CO CMTY SCH DIST,2018,21,20.0,21.3,21.1
NORTH TAMA CO CMTY SCH DIST,2019,20,22.4,22.7,22.2
NORTH TAMA CO CMTY SCH DIST,2020,16,18.9,20.3,19.3
NORTH TAMA CO CMTY SCH DIST,2021,11,20.2,20.3,20.3
NORTH UNION CMTY SCHOOL DIST,2017,30,17.9,20.1,20.3
NORTH UNION CMTY SCHOOL DIST,2018,29,18.0,20.7,19.7
NORTH UNION CMTY SCHOOL DIST,2019,21,17.7,20.1,19.3
NORTH UNION CMTY SCHOOL DIST,2020,28,16.9,19.0,18.5
NORTH UNION CMTY SCHOOL DIST,2021,16,19.3,19.9,20.4
NORTHEAST CMTY SCH DISTRICT,2017,77,19.5,19.5,19.8
NORTHEAST CMTY SCH DISTRICT,2018,76,18.9,19.6,19.2
NORTHEAST CMTY SCH DISTRICT,2019,66,19.5,20.5,19.8
NORTHEAST CMTY SCH DISTRICT,2020,65,18.1,18.6,17.7
NORTHEAST CMTY SCH DISTRICT,2021,50,19.8,20.4,19.4
NORTH-LINN CMTY SCHOOL DIST,2017,27,20.6,22.3,22.0
NORTH-LINN CMTY SCHOOL DIST,2018,23,20.9,21.5,21.8
NORTH-LINN CMTY SCHOOL DIST,2019,33,21.5,22.9,22.5
NORTH-LINN CMTY SCHOOL DIST,2020,27,21.0,21.7,22.1
NORTH-LINN CMTY SCHOOL DIST,2021,21,21.4,20.6,20.9
NORTHWOOD-KENSETT CMTY SD,2017,23,21.9,22.0,21.3
NORTHWOOD-KENSETT CMTY SD,2018,22,21.3,21.5,21.2
NORTHWOOD-KENSETT CMTY SD,2019,20,20.4,20.1,19.7
NORTHWOOD-KENSETT CMTY SD,2020,11,21.4,21.9,21.7
NORTHWOOD-KENSETT CMTY SD,2021,19,20.5,22.7,22.1
NORWALK CMTY SCHOOL DISTRICT,2017,133,23.8,23.2,23.6
NORWALK CMTY SCHOOL DISTRICT,2018,147,22.9,22.7,22.8
NORWALK CMTY SCHOOL DISTRICT,2019,122,22.4,22.6,22.7
NORWALK CMTY SCHOOL DISTRICT,2020,211,21.4,21.4,21.4
NORWALK CMTY SCHOOL DISTRICT,2021,178,21.1,21.2,21.3
OABCIG CMTY SD,2017,34,21.4,22.8,22.3
OABCIG CMTY SD,2018,42,21.5,21.7,21.0
OABCIG CMTY SD,2019,32,21.8,22.1,21.6
OABCIG CMTY SD,2020,44,22.5,23.0,22.9
OABCIG CMTY SD,2021,26,21.6,21.2,21.5
OELWEIN CMTY SCHOOL DISTRICT,2017,44,19.9,21.7,20.9
OELWEIN CMTY SCHOOL DISTRICT,2018,28,19.5,21.3,20.6
OELWEIN CMTY SCHOOL DISTRICT,2019,39,18.8,21.0,19.9
OELWEIN CMTY SCHOOL DISTRICT,2020,30,20.3,21.6,20.6
OELWEIN CMTY SCHOOL DISTRICT,2021,14,20.4,20.4,20.4
OGDEN CMTY SCHOOL DISTRICT,2017,35,23.5,23.9,24.3
OGDEN CMTY SCHOOL DISTRICT,2018,33,22.9,24.4,23.8
OGDEN CMTY SCHOOL DISTRICT,2019,27,21.0,21.7,21.4
OGDEN CMTY SCHOOL DISTRICT,2020,24,24.1,22.7,23.6
OGDEN CMTY SCHOOL DISTRICT,2021,16,23.2,24.6,24.8
OKOBOJI CMTY SCHOOL DISTRICT,2017,35,21.2,21.8,22.5
OKOBOJI CMTY SCHOOL DISTRICT,2018,35,20.9,22.1,22.1
OKOBOJI CMTY SCHOOL DISTRICT,2019,47,19.7,21.0,20.7
OKOBOJI CMTY SCHOOL DISTRICT,2020,34,20.5,21.8,21.4
OKOBOJI CMTY SCHOOL DISTRICT,2021,29,21.9,23.3,23.2
ORIENT-MACKSBURG CMTY SCH DIST,2017,Small  N ,Small  N ,Small  N ,Small  N 
ORIENT-MACKSBURG CMTY SCH DIST,2018,Small  N ,Small  N ,Small  N ,Small  N 
ORIENT-MACKSBURG CMTY SCH DIST,2019,Small  N ,Small  N ,Small  N ,Small  N 
ORIENT-MACKSBURG CMTY SCH DIST,2020,Small  N ,Small  N ,Small  N ,Small  N 
ORIENT-MACKSBURG CMTY SCH DIST,2021,Small  N ,Small  N ,Small  N ,Small  N 
OSAGE CMTY SCHOOL DISTRICT,2017,51,22.0,23.4,23.0
OSAGE CMTY SCHOOL DISTRICT,2018,50,19.5,22.7,21.0
OSAGE CMTY SCHOOL DISTRICT,2019,40,19.1,20.6,19.8
OSAGE CMTY SCHOOL DISTRICT,2020,45,20.6,23.0,22.2
OSAGE CMTY SCHOOL DISTRICT,2021,22,18.5,21.9,20.5
OSKALOOSA CMTY SCHOOL DISTRICT,2017,96,20.2,21.7,21.2
OSKALOOSA CMTY SCHOOL DISTRICT,2018,84,20.3,21.3,21.1
OSKALOOSA CMTY SCHOOL DISTRICT,2019,85,20.4,21.9,21.6
OSKALOOSA CMTY SCHOOL DISTRICT,2020,67,19.5,20.6,20.3
OSKALOOSA CMTY SCHOOL DISTRICT,2021,40,19.8,20.0,20.5
OTTUMWA CMTY SCHOOL DISTRICT,2017,115,20.0,20.9,20.4
OTTUMWA CMTY SCHOOL DISTRICT,2018,129,20.9,21.4,21.3
OTTUMWA CMTY SCHOOL DISTRICT,2019,123,20.9,21.4,20.9
OTTUMWA CMTY SCHOOL DISTRICT,2020,238,17.9,17.6,17.2
OTTUMWA CMTY SCHOOL DISTRICT,2021,228,19.0,18.9,18.3
PANORAMA CMTY SCHOOL DISTRICT,2017,34,20.4,21.3,21.6
PANORAMA CMTY SCHOOL DISTRICT,2018,38,22.3,22.4,22.6
PANORAMA CMTY SCHOOL DISTRICT,2019,36,20.8,22.3,22.1
PANORAMA CMTY SCHOOL DISTRICT,2020,28,20.0,20.8,21.4
PANORAMA CMTY SCHOOL DISTRICT,2021,29,20.4,21.7,21.1
PATON-CHURDAN CMTY SCH DIST,2017,Small  N ,Small  N ,Small  N ,Small  N 
PATON-CHURDAN CMTY SCH DIST,2018,Small  N ,Small  N ,Small  N ,Small  N 
PATON-CHURDAN CMTY SCH DIST,2019,Small  N ,Small  N ,Small  N ,Small  N 
PATON-CHURDAN CMTY SCH DIST,2020,Small  N ,Small  N ,Small  N ,Small  N 
PATON-CHURDAN CMTY SCH DIST,2021,Small  N ,Small  N ,Small  N ,Small  N 
PEKIN CMTY SCHOOL DISTRICT,2017,28,19.9,21.5,21.3
PEKIN CMTY SCHOOL DISTRICT,2018,31,18.7,21.0,20.8
PEKIN CMTY SCHOOL DISTRICT,2019,19,18.8,21.1,19.5
PEKIN CMTY SCHOOL DISTRICT,2020,26,20.2,21.1,20.1
PEKIN CMTY SCHOOL DISTRICT,2021,19,19.5,21.2,20.4
PELLA CMTY SCHOOL DISTRICT,2017,132,23.9,24.2,24.6
PELLA CMTY SCHOOL DISTRICT,2018,115,22.2,23.4,23.4
PELLA CMTY SCHOOL DISTRICT,2019,116,22.6,23.4,23.7
PELLA CMTY SCHOOL DISTRICT,2020,101,22.0,22.4,22.9
PELLA CMTY SCHOOL DISTRICT,2021,85,21.9,23.1,23.3
PERRY CMTY SCHOOL DISTRICT,2017,69,18.6,20.5,19.5
PERRY CMTY SCHOOL DISTRICT,2018,64,19.3,20.0,19.8
PERRY CMTY SCHOOL DISTRICT,2019,57,18.9,20.4,20.0
PERRY CMTY SCHOOL DISTRICT,2020,148,16.5,17.8,16.7
PERRY CMTY SCHOOL DISTRICT,2021,22,17.3,19.0,18.0
PLEASANT VALLEY CMTY SCH DIST,2017,243,24.5,24.2,24.5
PLEASANT VALLEY CMTY SCH DIST,2018,297,25.1,25.3,25.2
PLEASANT VALLEY CMTY SCH DIST,2019,265,25.0,25.3,25.4
PLEASANT VALLEY CMTY SCH DIST,2020,268,24.9,25.0,25.2
PLEASANT VALLEY CMTY SCH DIST,2021,220,24.5,24.9,25.2
PLEASANTVILLE CMTY SCHOOL DIST,2017,25,19.6,21.5,22.0
PLEASANTVILLE CMTY SCHOOL DIST,2018,40,19.3,21.5,21.2
PLEASANTVILLE CMTY SCHOOL DIST,2019,40,19.4,22.5,21.7
PLEASANTVILLE CMTY SCHOOL DIST,2020,31,19.5,22.4,21.6
PLEASANTVILLE CMTY SCHOOL DIST,2021,25,20.2,21.4,21.3
POCAHONTAS AREA CMTY SCH DIST,2017,37,21.1,22.7,22.1
POCAHONTAS AREA CMTY SCH DIST,2018,23,20.0,21.1,21.2
POCAHONTAS AREA CMTY SCH DIST,2019,21,20.7,22.7,22.2
POCAHONTAS AREA CMTY SCH DIST,2020,33,22.4,23.3,23.1
POCAHONTAS AREA CMTY SCH DIST,2021,23,21.3,22.3,22.3
POSTVILLE CMTY SCHOOL DISTRICT,2017,22,18.6,17.7,17.1
POSTVILLE CMTY SCHOOL DISTRICT,2018,13,18.5,19.3,17.9
POSTVILLE CMTY SCHOOL DISTRICT,2019,Small  N ,Small  N ,Small  N ,Small  N 
POSTVILLE CMTY SCHOOL DISTRICT,2020,10,19.7,20.8,20.4
POSTVILLE CMTY SCHOOL DISTRICT,2021,Small  N ,Small  N ,Small  N ,Small  N 
PRAIRIE CITY-MONROE CMTY SD 21,2017,52,21.1,21.3,21.1
PRAIRIE CITY-MONROE CMTY SD 21,2018,48,20.7,21.6,21.1
PRAIRIE CITY-MONROE CMTY SD 21,2019,56,20.4,22.1,21.7
PRAIRIE CITY-MONROE CMTY SD 21,2020,50,21.1,22.4,22.2
PRAIRIE CITY-MONROE CMTY SD 21,2021,42,19.7,21.5,20.4
PRAIRIE VALLEY CMTY SCH DIST,2017,22,20.0,21.1,20.9
PRAIRIE VALLEY CMTY SCH DIST,2018,30,20.7,24.4,23.4
PRAIRIE VALLEY CMTY SCH DIST,2019,37,19.4,21.6,20.9
PRAIRIE VALLEY CMTY SCH DIST,2020,30,21.4,23.4,23.6
PRAIRIE VALLEY CMTY SCH DIST,2021,10,21.8,24.9,23.2
RED OAK CMTY SCHOOL DISTRICT,2017,40,19.2,21.2,20.7
RED OAK CMTY SCHOOL DISTRICT,2018,41,19.0,20.7,20.5
RED OAK CMTY SCHOOL DISTRICT,2019,36,19.6,20.5,20.4
RED OAK CMTY SCHOOL DISTRICT,2020,39,18.7,19.7,19.2
RED OAK CMTY SCHOOL DISTRICT,2021,23,20.6,22.1,22.2
RICEVILLE CMTY SCHOOL DISTRICT,2017,Small  N ,Small  N ,Small  N ,Small  N 
RICEVILLE CMTY SCHOOL DISTRICT,2018,16,18.3,20.2,19.3
RICEVILLE CMTY SCHOOL DISTRICT,2019,Small  N ,Small  N ,Small  N ,Small  N 
RICEVILLE CMTY SCHOOL DISTRICT,2020,Small  N ,Small  N ,Small  N ,Small  N 
RICEVILLE CMTY SCHOOL DISTRICT,2021,13,19.2,20.0,20.5
RIVER VALLEY SCHOOL DISTRICT,2017,12,18.3,21.0,21.4
RIVER VALLEY SCHOOL DISTRICT,2018,16,19.4,21.4,21.4
RIVER VALLEY SCHOOL DISTRICT,2019,19,17.5,20.6,20.0
RIVER VALLEY SCHOOL DISTRICT,2020,14,17.2,19.9,18.8
RIVER VALLEY SCHOOL DISTRICT,2021,17,18.0,19.8,19.4
RIVERSIDE CMTY SCHOOL DISTRICT,2017,21,20.9,22.7,22.4
RIVERSIDE CMTY SCHOOL DISTRICT,2018,14,20.4,21.5,22.0
RIVERSIDE CMTY SCHOOL DISTRICT,2019,12,21.4,24.7,24.2
RIVERSIDE CMTY SCHOOL DISTRICT,2020,22,18.3,20.5,20.0
RIVERSIDE CMTY SCHOOL DISTRICT,2021,11,19.7,21.8,21.7
ROCK VALLEY CMTY SCH DISTRICT,2017,30,20.8,21.9,21.9
ROCK VALLEY CMTY SCH DISTRICT,2018,31,19.3,20.1,20.0
ROCK VALLEY CMTY SCH DISTRICT,2019,34,19.5,20.6,19.9
ROCK VALLEY CMTY SCH DISTRICT,2020,33,19.4,20.5,20.7
ROCK VALLEY CMTY SCH DISTRICT,2021,26,20.5,22.6,22.2
ROLAND-STORY CMTY SCHOOL DIST,2017,51,22.7,23.3,23.6
ROLAND-STORY CMTY SCHOOL DIST,2018,45,24.4,24.4,24.7
ROLAND-STORY CMTY SCHOOL DIST,2019,73,22.2,22.3,22.5
ROLAND-STORY CMTY SCHOOL DIST,2020,43,22.2,22.7,22.9
ROLAND-STORY CMTY SCHOOL DIST,2021,35,22.4,23.2,23.5
RUDD-ROCKFORD-MARBLE ROCK CSD,2017,23,19.5,20.6,20.1
RUDD-ROCKFORD-MARBLE ROCK CSD,2018,23,19.4,21.4,20.8
RUDD-ROCKFORD-MARBLE ROCK CSD,2019,19,20.3,21.0,19.9
RUDD-ROCKFORD-MARBLE ROCK CSD,2020,18,19.1,20.5,20.4
RUDD-ROCKFORD-MARBLE ROCK CSD,2021,10,17.9,20.0,19.6
RUTHVEN-AYRSHIRE CMTY SCH DIST,2017,Small  N ,Small  N ,Small  N ,Small  N 
RUTHVEN-AYRSHIRE CMTY SCH DIST,2018,Small  N ,Small  N ,Small  N ,Small  N 
RUTHVEN-AYRSHIRE CMTY SCH DIST,2019,Small  N ,Small  N ,Small  N ,Small  N 
RUTHVEN-AYRSHIRE CMTY SCH DIST,2020,Small  N ,Small  N ,Small  N ,Small  N 
RUTHVEN-AYRSHIRE CMTY SCH DIST,2021,Small  N ,Small  N ,Small  N ,Small  N 
SAYDEL CMTY SCHOOL DISTRICT,2017,39,19.2,21.3,20.8
SAYDEL CMTY SCHOOL DISTRICT,2018,50,18.8,21.3,20.2
SAYDEL CMTY SCHOOL DISTRICT,2019,41,17.6,19.2,18.9
SAYDEL CMTY SCHOOL DISTRICT,2020,46,17.0,19.1,18.9
SAYDEL CMTY SCHOOL DISTRICT,2021,63,17.8,18.4,18.1
SERGEANT BLUFF-LUTON CMTY SD,2017,86,21.0,22.7,22.5
SERGEANT BLUFF-LUTON CMTY SD,2018,71,22.2,23.7,23.4
SERGEANT BLUFF-LUTON CMTY SD,2019,91,21.1,23.1,22.6
SERGEANT BLUFF-LUTON CMTY SD,2020,98,20.3,21.9,21.6
SERGEANT BLUFF-LUTON CMTY SD,2021,75,19.6,22.0,21.9
SEYMOUR CMTY SCHOOL DISTRICT,2017,10,19.5,23.2,22.1
SEYMOUR CMTY SCHOOL DISTRICT,2018,12,19.4,20.5,19.6
SEYMOUR CMTY SCHOOL DISTRICT,2019,Small  N ,Small  N ,Small  N ,Small  N 
SEYMOUR CMTY SCHOOL DISTRICT,2020,Small  N ,Small  N ,Small  N ,Small  N 
SEYMOUR CMTY SCHOOL DISTRICT,2021,Small  N ,Small  N ,Small  N ,Small  N 
SHELDON CMTY SCHOOL DISTRICT,2017,44,22.3,22.4,22.7
SHELDON CMTY SCHOOL DISTRICT,2018,44,23.3,24.0,23.9
SHELDON CMTY SCHOOL DISTRICT,2019,52,22.3,22.8,23.3
SHELDON CMTY SCHOOL DISTRICT,2020,35,20.0,21.1,21.1
SHELDON CMTY SCHOOL DISTRICT,2021,33,20.8,22.1,21.7
SHENANDOAH CMTY SCH DISTRICT,2017,48,18.7,20.8,20.4
SHENANDOAH CMTY SCH DISTRICT,2018,53,19.2,20.6,20.0
SHENANDOAH CMTY SCH DISTRICT,2019,45,19.4,19.9,20.3
SHENANDOAH CMTY SCH DISTRICT,2020,43,19.7,20.0,20.0
SHENANDOAH CMTY SCH DISTRICT,2021,28,21.4,21.5,21.4
SIBLEY-OCHEYEDAN CMTY SCH DIST,2017,40,20.3,22.0,21.4
SIBLEY-OCHEYEDAN CMTY SCH DIST,2018,41,20.2,21.7,20.9
SIBLEY-OCHEYEDAN CMTY SCH DIST,2019,34,21.0,22.8,22.0
SIBLEY-OCHEYEDAN CMTY SCH DIST,2020,22,19.8,21.7,20.8
SIBLEY-OCHEYEDAN CMTY SCH DIST,2021,23,19.8,22.3,21.0
SIDNEY CMTY SCHOOL DISTRICT,2017,22,19.0,20.2,20.0
SIDNEY CMTY SCHOOL DISTRICT,2018,18,19.3,21.1,20.6
SIDNEY CMTY SCHOOL DISTRICT,2019,32,20.0,21.1,21.2
SIDNEY CMTY SCHOOL DISTRICT,2020,23,21.0,20.9,21.5
SIDNEY CMTY SCHOOL DISTRICT,2021,11,19.3,19.9,19.7
SIGOURNEY CMTY SCHOOL DISTRICT,2017,21,21.0,22.4,21.7
SIGOURNEY CMTY SCHOOL DISTRICT,2018,19,20.9,21.1,21.5
SIGOURNEY CMTY SCHOOL DISTRICT,2019,20,22.5,24.2,24.2
SIGOURNEY CMTY SCHOOL DISTRICT,2020,14,20.3,22.4,21.5
SIGOURNEY CMTY SCHOOL DISTRICT,2021,Small  N ,Small  N ,Small  N ,Small  N 
SIOUX CENTER CMTY SCHOOL DIST,2017,65,21.7,21.2,21.4
SIOUX CENTER CMTY SCHOOL DIST,2018,84,20.5,22.1,21.3
SIOUX CENTER CMTY SCHOOL DIST,2019,74,20.8,21.7,21.2
SIOUX CENTER CMTY SCHOOL DIST,2020,74,19.7,20.3,20.0
SIOUX CENTER CMTY SCHOOL DIST,2021,65,20.0,21.9,21.4
SIOUX CENTRAL CMTY SCHOOL DIST,2017,26,20.6,22.0,21.6
SIOUX CENTRAL CMTY SCHOOL DIST,2018,35,20.3,22.2,22.2
SIOUX CENTRAL CMTY SCHOOL DIST,2019,26,20.5,22.1,20.7
SIOUX CENTRAL CMTY SCHOOL DIST,2020,18,18.8,21.0,20.2
SIOUX CENTRAL CMTY SCHOOL DIST,2021,10,21.3,21.4,21.7
SIOUX CITY CMTY SCHOOL DIST,2017,465,19.1,20.8,20.2
SIOUX CITY CMTY SCHOOL DIST,2018,465,19.8,21.3,20.9
SIOUX CITY CMTY SCHOOL DIST,2019,481,19.4,20.6,20.1
SIOUX CITY CMTY SCHOOL DIST,2020,735,17.9,19.2,18.6
SIOUX CITY CMTY SCHOOL DIST,2021,390,19.4,21.0,20.2
SOLON CMTY SCHOOL DISTRICT,2017,72,22.4,22.9,22.9
SOLON CMTY SCHOOL DISTRICT,2018,84,22.2,22.5,22.6
SOLON CMTY SCHOOL DISTRICT,2019,84,23.3,23.8,24.0
SOLON CMTY SCHOOL DISTRICT,2020,75,23.0,23.7,23.4
SOLON CMTY SCHOOL DISTRICT,2021,58,21.9,22.9,22.4
SOUTH CENTRAL CALHOUN CMTY SD,2017,37,23.7,23.9,24.1
SOUTH CENTRAL CALHOUN CMTY SD,2018,35,22.4,23.7,23.1
SOUTH CENTRAL CALHOUN CMTY SD,2019,34,23.3,23.3,23.4
SOUTH CENTRAL CALHOUN CMTY SD,2020,38,21.0,21.3,20.8
SOUTH CENTRAL CALHOUN CMTY SD,2021,13,24.6,23.8,24.8
SOUTH HAMILTON CMTY SCH DIST,2017,40,21.6,22.4,21.6
SOUTH HAMILTON CMTY SCH DIST,2018,45,22.0,22.8,22.4
SOUTH HAMILTON CMTY SCH DIST,2019,31,20.3,21.8,21.6
SOUTH HAMILTON CMTY SCH DIST,2020,31,21.6,22.3,21.9
SOUTH HAMILTON CMTY SCH DIST,2021,21,23.1,25.2,24.8
SOUTH O'BRIEN CMTY SCHOOL DIST,2017,34,22.6,22.9,23.4
SOUTH O'BRIEN CMTY SCHOOL DIST,2018,24,23.0,22.7,22.9
SOUTH O'BRIEN CMTY SCHOOL DIST,2019,23,20.2,21.9,22.4
SOUTH O'BRIEN CMTY SCHOOL DIST,2020,35,21.8,22.6,22.7
SOUTH O'BRIEN CMTY SCHOOL DIST,2021,30,20.8,22.4,21.7
SOUTH PAGE CMTY SCHOOL DIST,2017,Small  N ,Small  N ,Small  N ,Small  N 
SOUTH PAGE CMTY SCHOOL DIST,2018,10,16.9,20.2,19.8
SOUTH PAGE CMTY SCHOOL DIST,2019,Small  N ,Small  N ,Small  N ,Small  N 
SOUTH PAGE CMTY SCHOOL DIST,2020,Small  N ,Small  N ,Small  N ,Small  N 
SOUTH PAGE CMTY SCHOOL DIST,2021,Small  N ,Small  N ,Small  N ,Small  N 
SOUTH TAMA CO CMTY SCHOOL DIST,2017,47,19.4,20.5,20.4
SOUTH TAMA CO CMTY SCHOOL DIST,2018,53,19.5,21.4,20.1
SOUTH TAMA CO CMTY SCHOOL DIST,2019,45,19.1,20.9,20.5
SOUTH TAMA CO CMTY SCHOOL DIST,2020,61,17.3,18.8,17.9
SOUTH TAMA CO CMTY SCHOOL DIST,2021,73,17.9,18.9,18.0
SOUTH WINNESHIEK CMTY SCH DIST,2017,34,23.6,23.1,22.7
SOUTH WINNESHIEK CMTY SCH DIST,2018,38,24.8,23.2,22.8
SOUTH WINNESHIEK CMTY SCH DIST,2019,31,23.8,22.7,22.6
SOUTH WINNESHIEK CMTY SCH DIST,2020,18,23.6,22.9,22.8
SOUTH WINNESHIEK CMTY SCH DIST,2021,10,26.6,25.0,25.5
SOUTHEAST POLK CMTY SCH DIST,2017,275,22.1,23.2,23.0
SOUTHEAST POLK CMTY SCH DIST,2018,297,21.4,22.4,22.2
SOUTHEAST POLK CMTY SCH DIST,2019,294,22.1,23.0,22.6
SOUTHEAST POLK CMTY SCH DIST,2020,248,22.2,22.9,22.4
SOUTHEAST POLK CMTY SCH DIST,2021,210,21.4,22.5,21.8
SOUTHEAST WARREN CMTY SCH DIST,2017,15,19.8,21.1,21.3
SOUTHEAST WARREN CMTY SCH DIST,2018,15,21.4,22.7,22.6
SOUTHEAST WARREN CMTY SCH DIST,2019,19,18.5,19.2,19.4
SOUTHEAST WARREN CMTY SCH DIST,2020,16,18.6,21.0,21.3
SOUTHEAST WARREN CMTY SCH DIST,2021,13,21.1,21.2,21.5
SPENCER CMTY SCHOOL DISTRICT,2017,88,21.3,22.0,21.7
SPENCER CMTY SCHOOL DISTRICT,2018,99,20.5,21.5,21.3
SPENCER CMTY SCHOOL DISTRICT,2019,75,20.9,21.8,21.2
SPENCER CMTY SCHOOL DISTRICT,2020,74,21.0,21.7,21.7
SPENCER CMTY SCHOOL DISTRICT,2021,62,21.3,22.4,21.6
SPIRIT LAKE CMTY SCH DISTRICT,2017,84,21.3,22.9,22.6
SPIRIT LAKE CMTY SCH DISTRICT,2018,81,20.7,23.0,22.2
SPIRIT LAKE CMTY SCH DISTRICT,2019,76,21.8,22.9,22.7
SPIRIT LAKE CMTY SCH DISTRICT,2020,62,20.4,22.7,22.0
SPIRIT LAKE CMTY SCH DISTRICT,2021,47,20.4,22.4,21.5
SPRINGVILLE CMTY SCHOOL DIST,2017,23,20.8,21.7,21.3
SPRINGVILLE CMTY SCHOOL DIST,2018,19,20.9,21.9,21.4
SPRINGVILLE CMTY SCHOOL DIST,2019,17,19.9,22.0,21.9
SPRINGVILLE CMTY SCHOOL DIST,2020,12,18.2,19.8,20.3
SPRINGVILLE CMTY SCHOOL DIST,2021,21,18.0,20.7,20.0
ST ANSGAR CMTY SCHOOL DISTRICT,2017,33,22.7,21.9,21.1
ST ANSGAR CMTY SCHOOL DISTRICT,2018,42,22.2,21.8,21.3
ST ANSGAR CMTY SCHOOL DISTRICT,2019,35,22.1,21.9,21.5
ST ANSGAR CMTY SCHOOL DISTRICT,2020,25,22.6,22.5,21.7
ST ANSGAR CMTY SCHOOL DISTRICT,2021,30,23.7,23.0,23.1
STANTON CMTY SCHOOL DISTRICT,2017,16,23.8,24.1,24.3
STANTON CMTY SCHOOL DISTRICT,2018,Small  N ,Small  N ,Small  N ,Small  N 
STANTON CMTY SCHOOL DISTRICT,2019,12,22.4,23.5,23.0
STANTON CMTY SCHOOL DISTRICT,2020,Small  N ,Small  N ,Small  N ,Small  N 
STANTON CMTY SCHOOL DISTRICT,2021,Small  N ,Small  N ,Small  N ,Small  N 
STARMONT CMTY SCHOOL DISTRICT,2017,29,20.9,22.7,22.2
STARMONT CMTY SCHOOL DISTRICT,2018,31,22.4,22.5,22.3
STARMONT CMTY SCHOOL DISTRICT,2019,21,22.2,22.1,22.0
STARMONT CMTY SCHOOL DISTRICT,2020,20,21.2,21.5,20.7
STARMONT CMTY SCHOOL DISTRICT,2021,12,20.2,20.5,20.9
STORM LAKE CMTY SCH DISTRICT,2017,73,19.0,19.2,19.4
STORM LAKE CMTY SCH DISTRICT,2018,96,19.5,19.5,19.0
STORM LAKE CMTY SCH DISTRICT,2019,105,18.2,18.1,18.0
STORM LAKE CMTY SCH DISTRICT,2020,148,17.7,17.7,17.4
STORM LAKE CMTY SCH DISTRICT,2021,30,20.2,21.2,20.5
SUMNER-FREDERICKSBURG SCHOOLS,2017,40,22.1,22.5,22.8
SUMNER-FREDERICKSBURG SCHOOLS,2018,23,23.2,22.8,22.7
SUMNER-FREDERICKSBURG SCHOOLS,2019,37,21.4,22.9,22.2
SUMNER-FREDERICKSBURG SCHOOLS,2020,26,20.2,20.8,20.8
SUMNER-FREDERICKSBURG SCHOOLS,2021,16,22.1,21.9,22.1
TIPTON CMTY SCHOOL DISTRICT,2017,46,20.1,21.0,20.8
TIPTON CMTY SCHOOL DISTRICT,2018,40,20.8,21.4,21.4
TIPTON CMTY SCHOOL DISTRICT,2019,30,20.1,22.0,21.8
TIPTON CMTY SCHOOL DISTRICT,2020,40,20.9,23.0,22.4
TIPTON CMTY SCHOOL DISTRICT,2021,32,21.9,23.3,23.1
TREYNOR CMTY SCHOOL DISTRICT,2017,59,20.4,21.2,22.0
TREYNOR CMTY SCHOOL DISTRICT,2018,39,20.9,21.8,22.1
TREYNOR CMTY SCHOOL DISTRICT,2019,46,21.7,21.8,22.8
TREYNOR CMTY SCHOOL DISTRICT,2020,48,21.5,22.5,22.4
TREYNOR CMTY SCHOOL DISTRICT,2021,47,20.4,21.3,21.6
TRI-CENTER CMTY SCH DISTRICT,2017,48,19.9,20.9,21.1
TRI-CENTER CMTY SCH DISTRICT,2018,40,21.3,23.1,22.7
TRI-CENTER CMTY SCH DISTRICT,2019,42,19.7,21.7,21.3
TRI-CENTER CMTY SCH DISTRICT,2020,29,20.1,21.9,21.2
TRI-CENTER CMTY SCH DISTRICT,2021,28,19.2,21.0,20.8
TRI-CO CMTY SCHOOL DISTRICT,2017,19,18.1,20.4,20.2
TRI-CO CMTY SCHOOL DISTRICT,2018,12,18.8,21.8,20.7
TRI-CO CMTY SCHOOL DISTRICT,2019,10,20.1,19.4,19.4
TRI-CO CMTY SCHOOL DISTRICT,2020,Small  N ,Small  N ,Small  N ,Small  N 
TRI-CO CMTY SCHOOL DISTRICT,2021,Small  N ,Small  N ,Small  N ,Small  N 
TRIPOLI CMTY SCHOOL DISTRICT,2017,13,22.7,23.2,22.8
TRIPOLI CMTY SCHOOL DISTRICT,2018,24,18.6,20.6,19.9
TRIPOLI CMTY SCHOOL DISTRICT,2019,17,20.5,22.5,21.9
TRIPOLI CMTY SCHOOL DISTRICT,2020,11,21.5,21.7,22.5
TRIPOLI CMTY SCHOOL DISTRICT,2021,Small  N ,Small  N ,Small  N ,Small  N 
TURKEY VALLEY CMTY SCHOOL DIST,2017,19,22.6,23.5,22.9
TURKEY VALLEY CMTY SCHOOL DIST,2018,20,23.5,23.1,23.3
TURKEY VALLEY CMTY SCHOOL DIST,2019,11,19.0,20.5,21.2
TURKEY VALLEY CMTY SCHOOL DIST,2020,19,20.9,21.6,21.6
TURKEY VALLEY CMTY SCHOOL DIST,2021,Small  N ,Small  N ,Small  N ,Small  N 
TWIN CEDARS CMTY SCHOOL DIST,2017,Small  N ,Small  N ,Small  N ,Small  N 
TWIN CEDARS CMTY SCHOOL DIST,2018,Small  N ,Small  N ,Small  N ,Small  N 
TWIN CEDARS CMTY SCHOOL DIST,2019,12,18.0,19.0,19.0
TWIN CEDARS CMTY SCHOOL DIST,2020,Small  N ,Small  N ,Small  N ,Small  N 
TWIN CEDARS CMTY SCHOOL DIST,2021,Small  N ,Small  N ,Small  N ,Small  N 
UNDERWOOD CMTY SCHOOL DISTRICT,2017,51,21.6,22.2,22.3
UNDERWOOD CMTY SCHOOL DISTRICT,2018,44,23.6,23.5,23.8
UNDERWOOD CMTY SCHOOL DISTRICT,2019,49,21.0,20.7,21.2
UNDERWOOD CMTY SCHOOL DISTRICT,2020,39,22.1,21.9,22.0
UNDERWOOD CMTY SCHOOL DISTRICT,2021,36,22.1,21.2,21.5
UNION CMTY SCHOOL DISTRICT,2017,59,20.7,21.4,21.2
UNION CMTY SCHOOL DISTRICT,2018,48,21.9,22.9,22.4
UNION CMTY SCHOOL DISTRICT,2019,53,21.5,21.8,21.7
UNION CMTY SCHOOL DISTRICT,2020,42,20.1,21.5,21.4
UNION CMTY SCHOOL DISTRICT,2021,33,21.4,22.8,22.5
URBANDALE CMTY SCHOOL DISTRICT,2017,193,21.8,22.8,22.7
URBANDALE CMTY SCHOOL DISTRICT,2018,197,21.4,22.6,22.3
URBANDALE CMTY SCHOOL DISTRICT,2019,197,21.6,22.9,22.9
URBANDALE CMTY SCHOOL DISTRICT,2020,201,21.0,22.6,22.3
URBANDALE CMTY SCHOOL DISTRICT,2021,149,20.6,22.2,21.8
VAN BUREN CO CMTY SCHOOL DIST,2017,14,19.8,21.1,20.5
VAN BUREN CO CMTY SCHOOL DIST,2018,28,19.9,22.3,20.8
VAN BUREN CO CMTY SCHOOL DIST,2019,26,20.9,20.4,20.9
VAN BUREN CO CMTY SCHOOL DIST,2020,23,22.0,23.2,23.0
VAN BUREN CO CMTY SCHOOL DIST,2021,18,21.7,22.2,22.8
VAN METER CMTY SCHOOL DISTRICT,2017,38,21.6,23.0,22.9
VAN METER CMTY SCHOOL DISTRICT,2018,46,22.4,23.2,23.0
VAN METER CMTY SCHOOL DISTRICT,2019,49,20.4,21.8,21.5
VAN METER CMTY SCHOOL DISTRICT,2020,46,22.3,22.6,22.8
VAN METER CMTY SCHOOL DISTRICT,2021,31,20.5,20.7,20.1
VINTON-SHELLSBURG CMTY SD,2017,101,19.6,20.4,19.5
VINTON-SHELLSBURG CMTY SD,2018,106,19.6,20.7,19.8
VINTON-SHELLSBURG CMTY SD,2019,93,19.5,20.4,19.5
VINTON-SHELLSBURG CMTY SD,2020,98,19.5,20.1,19.4
VINTON-SHELLSBURG CMTY SD,2021,103,19.7,20.7,20.2
WACO CMTY SCHOOL DISTRICT,2017,13,23.9,24.2,24.9
WACO CMTY SCHOOL DISTRICT,2018,16,22.6,22.8,22.6
WACO CMTY SCHOOL DISTRICT,2019,19,21.1,19.9,20.4
WACO CMTY SCHOOL DISTRICT,2020,16,20.8,21.8,20.9
WACO CMTY SCHOOL DISTRICT,2021,Small  N ,Small  N ,Small  N ,Small  N 
WAPELLO CMTY SCHOOL DISTRICT,2017,25,18.0,20.1,19.4
WAPELLO CMTY SCHOOL DISTRICT,2018,31,18.0,19.9,18.8
WAPELLO CMTY SCHOOL DISTRICT,2019,24,18.9,21.1,20.8
WAPELLO CMTY SCHOOL DISTRICT,2020,27,17.6,20.4,19.7
WAPELLO CMTY SCHOOL DISTRICT,2021,Small  N ,Small  N ,Small  N ,Small  N 
WAPSIE VALLEY CMTY SCHOOL DIST,2017,30,22.5,22.8,22.9
WAPSIE VALLEY CMTY SCHOOL DIST,2018,29,19.8,20.5,20.3
WAPSIE VALLEY CMTY SCHOOL DIST,2019,27,20.0,22.0,21.9
WAPSIE VALLEY CMTY SCHOOL DIST,2020,22,20.4,22.3,22.2
WAPSIE VALLEY CMTY SCHOOL DIST,2021,12,19.7,21.6,21.0
WASHINGTON CMTY SCH DISTRICT,2017,61,19.9,21.5,20.8
WASHINGTON CMTY SCH DISTRICT,2018,74,20.4,21.7,21.4
WASHINGTON CMTY SCH DISTRICT,2019,70,20.2,21.3,21.0
WASHINGTON CMTY SCH DISTRICT,2020,67,20.2,21.2,21.0
WASHINGTON CMTY SCH DISTRICT,2021,36,22.4,23.8,23.4
WATERLOO CMTY SCHOOL DISTRICT,2017,269,19.2,20.8,20.1
WATERLOO CMTY SCHOOL DISTRICT,2018,253,19.8,21.0,20.8
WATERLOO CMTY SCHOOL DISTRICT,2019,250,19.4,20.5,20.2
WATERLOO CMTY SCHOOL DISTRICT,2020,249,19.3,20.7,20.0
WATERLOO CMTY SCHOOL DISTRICT,2021,154,19.2,20.0,19.7
WAUKEE CMTY SCHOOL DISTRICT,2017,418,23.1,23.6,23.6
WAUKEE CMTY SCHOOL DISTRICT,2018,479,23.0,23.6,23.5
WAUKEE CMTY SCHOOL DISTRICT,2019,501,22.4,23.1,23.0
WAUKEE CMTY SCHOOL DISTRICT,2020,506,21.9,22.9,23.0
WAUKEE CMTY SCHOOL DISTRICT,2021,446,22.7,23.8,23.6
WAVERLY-SHELL ROCK CMTY SD,2017,111,22.7,23.1,22.6
WAVERLY-SHELL ROCK CMTY SD,2018,105,23.2,23.4,23.2
WAVERLY-SHELL ROCK CMTY SD,2019,110,23.1,22.9,23.0
WAVERLY-SHELL ROCK CMTY SD,2020,103,22.3,22.7,22.5
WAVERLY-SHELL ROCK CMTY SD,2021,92,23.7,24.3,23.9
WAYNE CMTY SCHOOL DISTRICT,2017,15,20.3,21.5,21.3
WAYNE CMTY SCHOOL DISTRICT,2018,30,19.1,20.6,20.1
WAYNE CMTY SCHOOL DISTRICT,2019,26,20.3,21.8,21.1
WAYNE CMTY SCHOOL DISTRICT,2020,17,18.8,19.6,18.5
WAYNE CMTY SCHOOL DISTRICT,2021,10,18.9,20.8,20.7
WEBSTER CITY CMTY SCHOOL DIST,2017,59,21.4,21.9,21.6
WEBSTER CITY CMTY SCHOOL DIST,2018,54,21.5,20.3,20.8
WEBSTER CITY CMTY SCHOOL DIST,2019,49,22.4,22.3,22.9
WEBSTER CITY CMTY SCHOOL DIST,2020,54,21.3,20.6,20.6
WEBSTER CITY CMTY SCHOOL DIST,2021,18,21.8,21.9,21.8
WEST BEND MALLARD CMTY SD,2017,17,19.0,20.6,19.4
WEST BEND MALLARD CMTY SD,2018,14,19.5,21.7,21.1
WEST BEND MALLARD CMTY SD,2019,13,19.5,22.2,22.5
WEST BEND MALLARD CMTY SD,2020,Small  N ,Small  N ,Small  N ,Small  N 
WEST BEND MALLARD CMTY SD,2021,14,18.9,20.6,20.0
WEST BRANCH CMTY SCH DISTRICT,2017,34,21.4,22.9,22.4
WEST BRANCH CMTY SCH DISTRICT,2018,44,22.1,22.9,22.9
WEST BRANCH CMTY SCH DISTRICT,2019,40,22.6,23.1,22.2
WEST BRANCH CMTY SCH DISTRICT,2020,44,20.8,21.8,21.7
WEST BRANCH CMTY SCH DISTRICT,2021,31,19.2,20.5,20.4
WEST BURLINGTON IND SCH DIST,2017,25,20.9,22.8,22.7
WEST BURLINGTON IND SCH DIST,2018,29,19.1,20.5,20.4
WEST BURLINGTON IND SCH DIST,2019,23,20.3,22.6,22.1
WEST BURLINGTON IND SCH DIST,2020,16,20.9,23.4,22.5
WEST BURLINGTON IND SCH DIST,2021,13,18.7,20.8,19.9
WEST CENTRAL CMTY SCHOOL DIST,2017,Small  N ,Small  N ,Small  N ,Small  N 
WEST CENTRAL CMTY SCHOOL DIST,2018,Small  N ,Small  N ,Small  N ,Small  N 
WEST CENTRAL CMTY SCHOOL DIST,2019,10,22.6,23.8,23.5
WEST CENTRAL CMTY SCHOOL DIST,2020,Small  N ,Small  N ,Small  N ,Small  N 
WEST CENTRAL CMTY SCHOOL DIST,2021,Small  N ,Small  N ,Small  N ,Small  N 
WEST CENTRAL VALLEY CMTY SD,2017,40,20.0,20.2,20.3
WEST CENTRAL VALLEY CMTY SD,2018,30,18.3,18.8,18.6
WEST CENTRAL VALLEY CMTY SD,2019,27,18.9,20.8,20.3
WEST CENTRAL VALLEY CMTY SD,2020,28,18.3,19.1,19.9
WEST CENTRAL VALLEY CMTY SD,2021,24,19.5,20.4,20.1
WEST DELAWARE CO CMTY SCH DIST,2017,69,19.8,21.3,20.6
WEST DELAWARE CO CMTY SCH DIST,2018,61,22.0,23.9,23.1
WEST DELAWARE CO CMTY SCH DIST,2019,61,21.0,21.9,21.7
WEST DELAWARE CO CMTY SCH DIST,2020,59,20.9,21.2,21.2
WEST DELAWARE CO CMTY SCH DIST,2021,55,20.4,22.1,21.5
WEST DES MOINES CMTY SCH DIST,2017,472,23.9,24.5,24.5
WEST DES MOINES CMTY SCH DIST,2018,490,23.3,24.1,24.0
WEST DES MOINES CMTY SCH DIST,2019,446,23.3,23.6,23.7
WEST DES MOINES CMTY SCH DIST,2020,638,21.5,21.5,21.6
WEST DES MOINES CMTY SCH DIST,2021,672,21.3,21.8,21.5
WEST FORK CMTY SCHOOL DISTRICT,2017,23,20.6,21.4,21.3
WEST FORK CMTY SCHOOL DISTRICT,2018,23,19.7,21.6,21.3
WEST FORK CMTY SCHOOL DISTRICT,2019,21,20.1,21.0,20.1
WEST FORK CMTY SCHOOL DISTRICT,2020,18,20.7,21.4,21.0
WEST FORK CMTY SCHOOL DISTRICT,2021,17,19.6,20.3,20.2
WEST HANCOCK CMTY SCH DISTRICT,2017,26,22.0,21.5,21.5
WEST HANCOCK CMTY SCH DISTRICT,2018,21,21.2,22.3,22.0
WEST HANCOCK CMTY SCH DISTRICT,2019,20,19.2,19.7,19.8
WEST HANCOCK CMTY SCH DISTRICT,2020,28,20.4,21.8,21.2
WEST HANCOCK CMTY SCH DISTRICT,2021,19,21.4,22.6,22.2
WEST HARRISON CMTY SCHOOL DIST,2017,20,19.0,20.3,19.8
WEST HARRISON CMTY SCHOOL DIST,2018,12,19.5,21.4,20.6
WEST HARRISON CMTY SCHOOL DIST,2019,26,17.2,17.4,18.7
WEST HARRISON CMTY SCHOOL DIST,2020,25,18.3,19.4,18.5
WEST HARRISON CMTY SCHOOL DIST,2021,30,17.4,19.4,18.4
WEST LIBERTY CMTY SCHOOL DIST,2017,52,21.2,21.7,21.4
WEST LIBERTY CMTY SCHOOL DIST,2018,61,19.2,20.2,19.8
WEST LIBERTY CMTY SCHOOL DIST,2019,63,19.2,20.1,19.8
WEST LIBERTY CMTY SCHOOL DIST,2020,57,19.5,20.7,20.2
WEST LIBERTY CMTY SCHOOL DIST,2021,30,17.9,19.4,18.9
WEST LYON CMTY SCHOOL DISTRICT,2017,42,22.0,24.3,22.9
WEST LYON CMTY SCHOOL DISTRICT,2018,45,22.8,23.9,23.3
WEST LYON CMTY SCHOOL DISTRICT,2019,42,20.8,22.4,21.6
WEST LYON CMTY SCHOOL DISTRICT,2020,37,21.8,24.3,22.7
WEST LYON CMTY SCHOOL DISTRICT,2021,39,21.7,23.0,22.3
WEST MARSHALL CMTY SCHOOL DIST,2017,31,22.9,23.8,24.4
WEST MARSHALL CMTY SCHOOL DIST,2018,34,21.1,22.2,22.3
WEST MARSHALL CMTY SCHOOL DIST,2019,51,20.0,21.6,21.3
WEST MARSHALL CMTY SCHOOL DIST,2020,51,20.4,21.0,21.5
WEST MARSHALL CMTY SCHOOL DIST,2021,51,19.1,19.8,20.3
WEST MONONA CMTY SCHOOL DIST,2017,22,20.7,21.7,20.9
WEST MONONA CMTY SCHOOL DIST,2018,22,20.7,21.6,21.7
WEST MONONA CMTY SCHOOL DIST,2019,20,19.4,20.2,19.6
WEST MONONA CMTY SCHOOL DIST,2020,22,20.1,20.7,20.6
WEST MONONA CMTY SCHOOL DIST,2021,16,18.3,18.7,17.9
WEST SIOUX CMTY SCH DISTRICT,2017,10,18.0,21.7,20.0
WEST SIOUX CMTY SCH DISTRICT,2018,31,18.8,20.7,19.7
WEST SIOUX CMTY SCH DISTRICT,2019,16,19.5,22.3,21.2
WEST SIOUX CMTY SCH DISTRICT,2020,32,18.1,21.0,20.2
WEST SIOUX CMTY SCH DISTRICT,2021,16,19.8,20.7,20.5
WESTERN DUBUQUE CMTY SD,2017,213,23.7,22.9,22.9
WESTERN DUBUQUE CMTY SD,2018,225,22.7,22.6,22.7
WESTERN DUBUQUE CMTY SD,2019,184,23.1,22.9,23.2
WESTERN DUBUQUE CMTY SD,2020,165,22.8,22.6,22.8
WESTERN DUBUQUE CMTY SD,2021,115,23.3,23.3,23.9
WESTWOOD CMTY SCHOOL DISTRICT,2017,36,18.9,20.1,19.5
WESTWOOD CMTY SCHOOL DISTRICT,2018,28,20.3,21.8,21.5
WESTWOOD CMTY SCHOOL DISTRICT,2019,23,20.6,20.5,20.2
WESTWOOD CMTY SCHOOL DISTRICT,2020,23,19.7,20.4,19.8
WESTWOOD CMTY SCHOOL DISTRICT,2021,19,19.9,21.6,21.9
WHITING CMTY SCHOOL DISTRICT,2017,Small  N ,Small  N ,Small  N ,Small  N 
WHITING CMTY SCHOOL DISTRICT,2018,10,19.3,21.3,20.5
WHITING CMTY SCHOOL DISTRICT,2019,Small  N ,Small  N ,Small  N ,Small  N 
WHITING CMTY SCHOOL DISTRICT,2020,Small  N ,Small  N ,Small  N ,Small  N 
WHITING CMTY SCHOOL DISTRICT,2021,Small  N ,Small  N ,Small  N ,Small  N 
WILLIAMSBURG CMTY SCH DISTRICT,2017,68,23.0,23.4,23.5
WILLIAMSBURG CMTY SCH DISTRICT,2018,65,21.9,22.4,22.3
WILLIAMSBURG CMTY SCH DISTRICT,2019,65,21.1,22.3,22.3
WILLIAMSBURG CMTY SCH DISTRICT,2020,48,21.5,22.3,21.9
WILLIAMSBURG CMTY SCH DISTRICT,2021,49,21.9,22.7,22.2
WILTON CMTY SCHOOL DISTRICT,2017,33,20.7,20.9,21.1
WILTON CMTY SCHOOL DISTRICT,2018,33,20.0,21.7,21.4
WILTON CMTY SCHOOL DISTRICT,2019,22,21.8,22.8,22.5
WILTON CMTY SCHOOL DISTRICT,2020,28,19.1,20.0,20.1
WILTON CMTY SCHOOL DISTRICT,2021,23,20.0,21.5,20.7
WINFIELD-MT UNION CMTY SD,2017,22,21.5,21.0,21.4
WINFIELD-MT UNION CMTY SD,2018,24,19.3,20.1,19.8
WINFIELD-MT UNION CMTY SD,2019,17,20.2,20.8,21.1
WINFIELD-MT UNION CMTY SD,2020,21,19.2,20.4,20.1
WINFIELD-MT UNION CMTY SD,2021,15,22.3,22.7,22.1
WINTERSET CMTY SCHOOL DISTRICT,2017,64,23.9,23.6,23.9
WINTERSET CMTY SCHOOL DISTRICT,2018,72,23.3,22.8,23.3
WINTERSET CMTY SCHOOL DISTRICT,2019,63,21.3,21.3,22.1
WINTERSET CMTY SCHOOL DISTRICT,2020,75,23.5,23.4,23.9
WINTERSET CMTY SCHOOL DISTRICT,2021,36,22.9,22.9,23.6
WOODBINE CMTY SCHOOL DISTRICT,2017,11,17.6,18.7,18.4
WOODBINE CMTY SCHOOL DISTRICT,2018,15,21.8,24.1,22.9
WOODBINE CMTY SCHOOL DISTRICT,2019,15,20.2,21.4,20.3
WOODBINE CMTY SCHOOL DISTRICT,2020,12,22.8,22.8,23.0
WOODBINE CMTY SCHOOL DISTRICT,2021,16,21.3,22.6,21.3
WOODBURY CENTRAL CMTY SCH DIST,2017,28,20.3,22.3,22.4
WOODBURY CENTRAL CMTY SCH DIST,2018,34,20.4,21.3,21.2
WOODBURY CENTRAL CMTY SCH DIST,2019,32,21.3,21.8,22.3
WOODBURY CENTRAL CMTY SCH DIST,2020,28,20.9,22.6,22.9
WOODBURY CENTRAL CMTY SCH DIST,2021,30,19.2,20.7,20.6
WOODWARD-GRANGER CMTY SCH DIST,2017,41,19.4,21.6,21.0
WOODWARD-GRANGER CMTY SCH DIST,2018,38,19.7,21.8,21.0
WOODWARD-GRANGER CMTY SCH DIST,2019,30,20.7,21.6,21.6
WOODWARD-GRANGER CMTY SCH DIST,2020,33,22.5,23.4,22.8
WOODWARD-GRANGER CMTY SCH DIST,2021,23,19.3,20.2,21.0